timestamp,load_kw,pv_kw,buy_eur_kwh,sell_eur_kwh,grid_kw,import_kw,export_kw,loss_kwh,aux_kw,curtailed_kw,import_violation_kw,peak_violation_kw,command_deviation_kw,A_power_kw,A_energy_kwh,B_power_kw,B_energy_kwh
2025-06-01T00:00:00+00:00,40.0,0.0,0.12,0.08,40.07,40.07,0,0.0,0.07,0.0,0,0,0.0,0.0,50.0,0.0,25.0
2025-06-01T00:15:00+00:00,40.0,0.0,0.12,0.08,40.07,40.07,0,0.0,0.07,0.0,0,0,0.0,0.0,50.0,0.0,25.0
2025-06-01T00:30:00+00:00,40.0,0.0,0.12,0.08,40.07,40.07,0,0.0,0.07,0.0,0,0,0.0,0.0,50.0,0.0,25.0
2025-06-01T00:45:00+00:00,40.0,0.0,0.12,0.08,40.07,40.07,0,0.0,0.07,0.0,0,0,0.0,0.0,50.0,0.0,25.0
2025-06-01T01:00:00+00:00,40.0,0.0,0.12,0.08,40.07,40.07,0,0.0,0.07,0.0,0,0,0.0,0.0,50.0,0.0,25.0
2025-06-01T01:15:00+00:00,40.0,0.0,0.12,0.08,40.07,40.07,0,0.0,0.07,0.0,0,0,0.0,0.0,50.0,0.0,25.0
2025-06-01T01:30:00+00:00,40.0,0.0,0.12,0.08,40.07,40.07,0,0.0,0.07,0.0,0,0,0.0,0.0,50.0,0.0,25.0
2025-06-01T01:45:00+00:00,40.0,0.0,0.12,0.08,40.07,40.07,0,0.0,0.07,0.0,0,0,0.0,0.0,50.0,0.0,25.0
2025-06-01T02:00:00+00:00,40.0,0.0,0.12,0.08,40.07,40.07,0,0.0,0.07,0.0,0,0,0.0,0.0,50.0,0.0,25.0
2025-06-01T02:15:00+00:00,40.0,0.0,0.12,0.08,40.07,40.07,0,0.0,0.07,0.0,0,0,0.0,0.0,50.0,0.0,25.0
2025-06-01T02:30:00+00:00,40.0,0.0,0.12,0.08,40.07,40.07,0,0.0,0.07,0.0,0,0,0.0,0.0,50.0,0.0,25.0
2025-06-01T02:45:00+00:00,40.0,0.0,0.12,0.08,40.07,40.07,0,0.0,0.07,0.0,0,0,0.0,0.0,50.0,0.0,25.0
2025-06-01T03:00:00+00:00,40.0,0.0,0.12,0.08,40.07,40.07,0,0.0,0.07,0.0,0,0,0.0,0.0,50.0,0.0,25.0
2025-06-01T03:15:00+00:00,40.0,0.0,0.12,0.08,40.07,40.07,0,0.0,0.07,0.0,0,0,0.0,0.0,50.0,0.0,25.0
2025-06-01T03:30:00+00:00,40.0,0.0,0.12,0.08,40.07,40.07,0,0.0,0.07,0.0,0,0,0.0,0.0,50.0,0.0,25.0
2025-06-01T03:45:00+00:00,40.0,0.0,0.12,0.08,40.07,40.07,0,0.0,0.07,0.0,0,0,0.0,0.0,50.0,0.0,25.0
2025-06-01T04:00:00+00:00,40.0,0.0,0.12,0.08,40.07,40.07,0,0.0,0.07,0.0,0,0,0.0,0.0,50.0,0.0,25.0
2025-06-01T04:15:00+00:00,40.0,0.0,0.12,0.08,40.07,40.07,0,0.0,0.07,0.0,0,0,0.0,0.0,50.0,0.0,25.0
2025-06-01T04:30:00+00:00,40.0,0.0,0.12,0.08,40.07,40.07,0,0.0,0.07,0.0,0,0,0.0,0.0,50.0,0.0,25.0
2025-06-01T04:45:00+00:00,40.0,0.0,0.12,0.08,40.07,40.07,0,0.0,0.07,0.0,0,0,0.0,0.0,50.0,0.0,25.0
2025-06-01T05:00:00+00:00,40.0,0.0,0.12,0.08,40.07,40.07,0,0.0,0.07,0.0,0,0,0.0,0.0,50.0,0.0,25.0
2025-06-01T05:15:00+00:00,40.0,0.0,0.12,0.08,40.07,40.07,0,0.0,0.07,0.0,0,0,0.0,0.0,50.0,0.0,25.0
2025-06-01T05:30:00+00:00,40.0,0.0,0.12,0.08,40.07,40.07,0,0.0,0.07,0.0,0,0,0.0,0.0,50.0,0.0,25.0
2025-06-01T05:45:00+00:00,40.0,0.0,0.12,0.08,40.07,40.07,0,0.0,0.07,0.0,0,0,0.0,0.0,50.0,0.0,25.0
2025-06-01T06:00:00+00:00,40.0,0.0,0.25,0.08,0.0,0,0,0.5972256438969762,0.07,0.0,0,0,0.0,15.07,46.03421052631579,25,18.351063829787233
2025-06-01T06:15:00+00:00,40.0,7.848376,0.25,0.08,0.0,0,0,0.49395753863381836,0.07,0.0,0,0,0.0,7.221624,44.13378315789473,25,11.702127659574465
2025-06-01T06:30:00+00:00,40.0,15.663143,0.25,0.08,3.552713678800501e-15,3.552713678800501e-15,0,0.3211428552631575,0.07,0.0,0,0,0.0,24.406857,37.71092605263158,0.0,11.702127659574465
2025-06-01T06:45:00+00:00,40.0,23.410839,0.25,0.08,0.0,0,0,0.21919948684210502,0.07,0.0,0,0,0.0,16.659161,33.326936315789474,0.0,11.702127659574465
2025-06-01T07:00:00+00:00,65.0,31.058285,0.25,0.08,0.0,0,0,0.4701428513437846,0.07,0.0,0,0,0.0,25.931749,26.502791842105264,8.079966,9.55320053191489
2025-06-01T07:15:00+00:00,65.0,38.572736,0.25,0.08,0.0,0,0,0.3486482105263154,0.07,0.0,0,0,0.0,26.497264,19.529827631578947,0.0,9.55320053191489
2025-06-01T07:30:00+00:00,65.0,45.922012,0.25,0.08,0.0,0,0,0.25194721052631547,0.07,0.0,0,0,3.552713678800501e-15,19.147987999999998,14.490883421052631,0.0,9.55320053191489
2025-06-01T07:45:00+00:00,65.0,53.074643,0.25,0.08,0.0,0,0,0.15783364473684192,0.07,0.0,0,0,1.7763568394002505e-15,11.995356999999998,11.33421052631579,0.0,9.55320053191489
2025-06-01T08:00:00+00:00,65.0,60.0,0.25,0.08,0.0,0,0,0.0667105263157894,0.07,0.0,0,0,0.0,5.07,10.0,0.0,9.55320053191489
2025-06-01T08:15:00+00:00,65.0,66.668428,0.25,0.08,-5.773159728050814e-15,0,5.773159728050814e-15,0.02397642000000002,0.07,0.0,0,0,0.0,0.0,10.0,-1.598428,9.928831111914889
2025-06-01T08:30:00+00:00,65.0,73.051371,0.25,0.08,-4.320354500000002,0,4.320354500000002,0.05491524750000005,0.07,0.0,0,0,0.0,0.0,10.0,-3.6610165,10.789169989414889
2025-06-01T08:45:00+00:00,65.0,79.121498,0.25,0.08,-1.7763568394002505e-15,0,1.7763568394002505e-15,0.21077247000000018,0.07,0.0,0,0,0.0,0.0,10.0,-14.051498,14.09127201941489
2025-06-01T09:00:00+00:00,65.0,84.852814,0.25,0.08,3.552713678800501e-15,3.552713678800501e-15,0,0.29674221000000023,0.07,0.0,0,0,0.0,0.0,10.0,-19.782814,18.74023330941489
2025-06-01T09:15:00+00:00,65.0,90.220777,0.25,0.08,3.552713678800501e-15,3.552713678800501e-15,0,0.3143847125000003,0.07,0.0,0,0,0.0,-25.150777,15.9733095375,0.0,18.74023330941489
2025-06-01T09:30:00+00:00,65.0,95.202401,0.25,0.08,-30.132400999999994,0,30.132400999999994,0.0,0.07,0.0,0,0,0.0,0.0,15.9733095375,0.0,18.74023330941489
2025-06-01T09:45:00+00:00,65.0,99.776353,0.25,0.08,0.0,0,0,0.4338294125000004,0.07,0.0,0,0,0.0,-34.706353,24.216068375,0.0,18.74023330941489
2025-06-01T10:00:00+00:00,65.0,103.923048,0.25,0.08,-38.853047999999994,0,38.853047999999994,0.0,0.07,0.0,0,0,0.0,0.0,24.216068375,0.0,18.74023330941489
2025-06-01T10:15:00+00:00,65.0,107.624729,0.25,0.08,-34.1510787,0,34.1510787,0.1050456287500001,0.07,0.0,0,0,0.0,-8.4036503,26.21193532125,0.0,18.74023330941489
2025-06-01T10:30:00+00:00,65.0,110.865544,0.25,0.08,0.0,0,0,0.6349443000000006,0.07,0.0,0,0,0.0,-20.795544,31.15087702125,-25,24.61523330941489
2025-06-01T10:45:00+00:00,65.0,113.631616,0.25,0.08,-23.561615999999994,0,23.561615999999994,0.37500000000000033,0.07,0.0,0,0,0.0,0.0,31.15087702125,-25,30.49023330941489
2025-06-01T11:00:00+00:00,65.0,115.911099,0.25,0.08,7.105427357601002e-15,7.105427357601002e-15,0,0.6376164850000006,0.07,0.0,0,0,0.0,-50,43.02587702125,-0.841099,30.68789157441489
2025-06-01T11:15:00+00:00,65.0,117.694234,0.25,0.08,-49.99999999999999,0,49.99999999999999,0.03936351000000003,0.07,0.0,0,0,0.0,0.0,43.02587702125,-2.624234,31.30458656441489
2025-06-01T11:30:00+00:00,65.0,118.973383,0.25,0.08,-50.0,0,50.0,0.04879228750000004,0.07,0.0,0,0,0.0,-3.903383,43.952930483749995,0.0,31.30458656441489
2025-06-01T11:45:00+00:00,65.0,119.743071,0.25,0.08,-50.0,0,50.0,0.05841338750000005,0.07,0.0,0,0,0.0,-4.673071,45.06278484625,0.0,31.30458656441489
2025-06-01T12:00:00+00:00,65.0,120.0,0.25,0.08,-29.93,0,29.93,0.37500000000000033,0.07,0.0,0,0,0.0,0.0,45.06278484625,-25,37.17958656441489
2025-06-01T12:15:00+00:00,65.0,119.743071,0.25,0.08,-50.0,0,50.0,0.07009606500000007,0.07,0.0,0,0,0.0,0.0,45.06278484625,-4.673071,38.27775824941489
2025-06-01T12:30:00+00:00,65.0,118.973383,0.25,0.08,-3.903382999999998,0,3.903382999999998,0.6250000000000006,0.07,0.0,0,0,0.0,-50,56.93778484625,0.0,38.27775824941489
2025-06-01T12:45:00+00:00,65.0,117.694234,0.25,0.08,-2.624233999999994,0,2.624233999999994,0.6250000000000006,0.07,0.0,0,0,0.0,-50,68.81278484625,0.0,38.27775824941489
2025-06-01T13:00:00+00:00,65.0,115.911099,0.25,0.08,-49.99999999999999,0,49.99999999999999,0.012616485000000012,0.07,0.0,0,0,0.0,0.0,68.81278484625,-0.841099,38.47541651441489
2025-06-01T13:15:00+00:00,65.0,113.631616,0.25,0.08,-48.561615999999994,0,48.561615999999994,0.0,0.07,0.0,0,0,0.0,0.0,68.81278484625,0.0,38.47541651441489
2025-06-01T13:30:00+00:00,65.0,110.865544,0.25,0.08,-45.795544,0,45.795544,0.0,0.07,0.0,0,0,0.0,0.0,68.81278484625,0.0,38.47541651441489
2025-06-01T13:45:00+00:00,65.0,107.624729,0.25,0.08,-42.554729,0,42.554729,0.0,0.07,0.0,0,0,0.0,0.0,68.81278484625,0.0,38.47541651441489
2025-06-01T14:00:00+00:00,65.0,103.923048,0.25,0.08,7.105427357601002e-15,7.105427357601002e-15,0,0.48566310000000046,0.07,0.0,0,0,0.0,-38.853048,78.04038374625,0.0,38.47541651441489
2025-06-01T14:15:00+00:00,65.0,99.776353,0.25,0.08,0.0,0,0,0.4338294125000004,0.07,0.0,0,0,0.0,-34.706353,86.28314258375,0.0,38.47541651441489
2025-06-01T14:30:00+00:00,65.0,95.202401,0.25,0.08,-30.132400999999994,0,30.132400999999994,0.0,0.07,0.0,0,0,0.0,0.0,86.28314258375,0.0,38.47541651441489
2025-06-01T14:45:00+00:00,65.0,90.220777,0.25,0.08,-25.150776999999998,0,25.150776999999998,0.0,0.07,0.0,0,0,0.0,0.0,86.28314258375,0.0,38.47541651441489
2025-06-01T15:00:00+00:00,65.0,84.852814,0.25,0.08,3.552713678800501e-15,3.552713678800501e-15,0,0.29674221000000023,0.07,0.0,0,0,0.0,0.0,86.28314258375,-19.782814,43.12437780441489
2025-06-01T15:15:00+00:00,65.0,79.121498,0.25,0.08,-1.7763568394002505e-15,0,1.7763568394002505e-15,0.17564372500000017,0.07,0.0,0,0,0.0,-14.051498,89.62037335875,0.0,43.12437780441489
2025-06-01T15:30:00+00:00,65.0,73.051371,0.25,0.08,-2.6645352591003757e-15,0,2.6645352591003757e-15,0.11972056500000011,0.07,0.0,0,0,0.0,0.0,89.62037335875,-7.981371,44.99999998941489
2025-06-01T15:45:00+00:00,65.0,66.668428,0.25,0.08,-3.6842115580526524e-08,0,3.6842115580526524e-08,0.019980349539473644,0.07,0.0,0,0,3.6842109807366796e-08,-1.5984279631578902,90.0,0.0,44.99999998941489
2025-06-01T16:00:00+00:00,200.0,60.0,0.25,0.08,80.000001,80.000001,0,0.8185862102463598,0.07,0.0,0,9.999999974752427e-07,0.0,50,76.84210526315789,10.069999,42.32180876601063
2025-06-01T16:15:00+00:00,200.0,53.074643,0.25,0.08,80.00000099999998,80.00000099999998,0,0.9290972262038066,0.07,0.0,0,9.99999983264388e-07,0.0,50,63.68421052631578,16.995356,37.80176727664893
2025-06-01T16:30:00+00:00,65.0,45.922012,0.25,0.08,80.0,80.0,0,0.7877801820541646,0.07,0.0,0,0,9.999999974752427e-07,-49.9999991783345,75.55921033117022,-10.852012821665504,40.35199028974032
2025-06-01T16:45:00+00:00,65.0,38.572736,0.25,0.08,80.0,80.0,0,0.6775410423363296,0.07,0.0,0,0,1.0000000050247593e-06,-49.999999065468366,87.43421010921895,-3.5027369345316295,41.17513346935525
2025-06-01T17:00:00+00:00,65.0,31.058285,0.4,0.08,0.0,0,0,0.5175113675811868,0.07,0.0,0,0,0.0,9.011715,85.06270616185053,25,34.52619729914249
2025-06-01T17:15:00+00:00,65.0,23.410839,0.4,0.08,7.105427357601002e-15,7.105427357601002e-15,0,0.6181356570548708,0.07,0.0,0,0,0.0,16.659161,80.67871642500842,25,27.87726112892972
2025-06-01T17:30:00+00:00,65.0,15.663143,0.4,0.08,0.0,0,0,0.6500902236842099,0.07,0.0,0,0,0.0,49.406857,67.6769119513242,0.0,27.87726112892972
2025-06-01T17:45:00+00:00,65.0,7.848376,0.4,0.08,0.0,0,0,0.7731334176931683,0.07,0.0,0,0,0.0,50,54.51901721448209,7.221624,25.956616448078655
2025-06-01T18:00:00+00:00,40.0,0.0,0.4,0.08,0.0,0,0,0.5972256438969762,0.07,0.0,0,0,0.0,15.07,50.55322774079788,25,19.307680277865888
2025-06-01T18:15:00+00:00,40.0,0.0,0.4,0.08,0.0,0,0,0.5272368421052626,0.07,0.0,0,0,0.0,40.07,40.008490898692614,0.0,19.307680277865888
2025-06-01T18:30:00+00:00,40.0,0.0,0.4,0.08,0.0,0,0,0.5972256438969762,0.07,0.0,0,0,0.0,15.07,36.0427014250084,25,12.65874410765312
2025-06-01T18:45:00+00:00,40.0,0.0,0.4,0.08,0.0,0,0,0.5867209770436727,0.07,0.0,0,0,0.0,18.822267,31.089473267113664,21.247733,7.007751288504184
2025-06-01T19:00:00+00:00,40.0,0.0,0.4,0.08,0.0,0,0,0.5272368421052626,0.07,0.0,0,0,0.0,40.07,20.544736425008402,0.0,7.007751288504184
2025-06-01T19:15:00+00:00,40.0,0.0,0.4,0.08,1.5849680750079642e-06,1.5849680750079642e-06,0,0.5272368212504195,0.07,0.0,0,0,1.5849680750079642e-06,40.069998415031925,10.0,0.0,7.007751288504184
2025-06-01T19:30:00+00:00,40.0,0.0,0.4,0.08,40.07,40.07,0,0.0,0.07,0.0,0,0,0.0,0.0,10.0,0.0,7.007751288504184
2025-06-01T19:45:00+00:00,40.0,0.0,0.4,0.08,32.52085515522427,32.52085515522427,0,0.120465077310251,0.07,0.0,0,0,2.552242683862005e-07,0.0,10.0,7.549144844775731,5.0
2025-06-01T20:00:00+00:00,40.0,0.0,0.4,0.08,40.07,40.07,0,0.0,0.07,0.0,0,0,0.0,0.0,10.0,0.0,5.0
2025-06-01T20:15:00+00:00,40.0,0.0,0.4,0.08,40.07,40.07,0,0.0,0.07,0.0,0,0,0.0,0.0,10.0,0.0,5.0
2025-06-01T20:30:00+00:00,40.0,0.0,0.4,0.08,40.07,40.07,0,0.0,0.07,0.0,0,0,0.0,0.0,10.0,0.0,5.0
2025-06-01T20:45:00+00:00,40.0,0.0,0.4,0.08,40.07,40.07,0,0.0,0.07,0.0,0,0,0.0,0.0,10.0,0.0,5.0
2025-06-01T21:00:00+00:00,40.0,0.0,0.25,0.08,40.07,40.07,0,0.0,0.07,0.0,0,0,0.0,0.0,10.0,0.0,5.0
2025-06-01T21:15:00+00:00,40.0,0.0,0.25,0.08,40.07,40.07,0,0.0,0.07,0.0,0,0,0.0,0.0,10.0,0.0,5.0
2025-06-01T21:30:00+00:00,40.0,0.0,0.25,0.08,40.07,40.07,0,0.0,0.07,0.0,0,0,0.0,0.0,10.0,0.0,5.0
2025-06-01T21:45:00+00:00,40.0,0.0,0.25,0.08,40.07,40.07,0,0.0,0.07,0.0,0,0,0.0,0.0,10.0,0.0,5.0
2025-06-01T22:00:00+00:00,40.0,0.0,0.25,0.08,40.07,40.07,0,0.0,0.07,0.0,0,0,0.0,0.0,10.0,0.0,5.0
2025-06-01T22:15:00+00:00,40.0,0.0,0.25,0.08,40.07,40.07,0,0.0,0.07,0.0,0,0,0.0,0.0,10.0,0.0,5.0
2025-06-01T22:30:00+00:00,40.0,0.0,0.25,0.08,40.07,40.07,0,0.0,0.07,0.0,0,0,0.0,0.0,10.0,0.0,5.0
2025-06-01T22:45:00+00:00,40.0,0.0,0.25,0.08,40.07,40.07,0,0.0,0.07,0.0,0,0,0.0,0.0,10.0,0.0,5.0
2025-06-01T23:00:00+00:00,40.0,0.0,0.25,0.08,40.07,40.07,0,0.0,0.07,0.0,0,0,0.0,0.0,10.0,0.0,5.0
2025-06-01T23:15:00+00:00,40.0,0.0,0.25,0.08,40.07,40.07,0,0.0,0.07,0.0,0,0,0.0,0.0,10.0,0.0,5.0
2025-06-01T23:30:00+00:00,40.0,0.0,0.25,0.08,40.07,40.07,0,0.0,0.07,0.0,0,0,0.0,0.0,10.0,0.0,5.0
2025-06-01T23:45:00+00:00,40.0,0.0,0.25,0.08,40.07,40.07,0,0.0,0.07,0.0,0,0,0.0,0.0,10.0,0.0,5.0
2025-06-02T00:00:00+00:00,40.0,0.0,0.12,0.08,40.07,40.07,0,0.0,0.07,0.0,0,0,0.0,0.0,10.0,0.0,5.0
2025-06-02T00:15:00+00:00,40.0,0.0,0.12,0.08,40.07,40.07,0,0.0,0.07,0.0,0,0,0.0,0.0,10.0,0.0,5.0
2025-06-02T00:30:00+00:00,40.0,0.0,0.12,0.08,40.07,40.07,0,0.0,0.07,0.0,0,0,0.0,0.0,10.0,0.0,5.0
2025-06-02T00:45:00+00:00,40.0,0.0,0.12,0.08,40.07,40.07,0,0.0,0.07,0.0,0,0,0.0,0.0,10.0,0.0,5.0
2025-06-02T01:00:00+00:00,40.0,0.0,0.12,0.08,40.07,40.07,0,0.0,0.07,0.0,0,0,0.0,0.0,10.0,0.0,5.0
2025-06-02T01:15:00+00:00,40.0,0.0,0.12,0.08,40.07,40.07,0,0.0,0.07,0.0,0,0,0.0,0.0,10.0,0.0,5.0
2025-06-02T01:30:00+00:00,40.0,0.0,0.12,0.08,40.07,40.07,0,0.0,0.07,0.0,0,0,0.0,0.0,10.0,0.0,5.0
2025-06-02T01:45:00+00:00,40.0,0.0,0.12,0.08,40.07,40.07,0,0.0,0.07,0.0,0,0,0.0,0.0,10.0,0.0,5.0
2025-06-02T02:00:00+00:00,40.0,0.0,0.12,0.08,40.07,40.07,0,0.0,0.07,0.0,0,0,0.0,0.0,10.0,0.0,5.0
2025-06-02T02:15:00+00:00,40.0,0.0,0.12,0.08,40.07,40.07,0,0.0,0.07,0.0,0,0,0.0,0.0,10.0,0.0,5.0
2025-06-02T02:30:00+00:00,40.0,0.0,0.12,0.08,40.07,40.07,0,0.0,0.07,0.0,0,0,0.0,0.0,10.0,0.0,5.0
2025-06-02T02:45:00+00:00,40.0,0.0,0.12,0.08,40.07,40.07,0,0.0,0.07,0.0,0,0,0.0,0.0,10.0,0.0,5.0
2025-06-02T03:00:00+00:00,40.0,0.0,0.12,0.08,40.07,40.07,0,0.0,0.07,0.0,0,0,0.0,0.0,10.0,0.0,5.0
2025-06-02T03:15:00+00:00,40.0,0.0,0.12,0.08,40.07,40.07,0,0.0,0.07,0.0,0,0,0.0,0.0,10.0,0.0,5.0
2025-06-02T03:30:00+00:00,40.0,0.0,0.12,0.08,40.07,40.07,0,0.0,0.07,0.0,0,0,0.0,0.0,10.0,0.0,5.0
2025-06-02T03:45:00+00:00,40.0,0.0,0.12,0.08,40.07,40.07,0,0.0,0.07,0.0,0,0,0.0,0.0,10.0,0.0,5.0
2025-06-02T04:00:00+00:00,40.0,0.0,0.12,0.08,40.07,40.07,0,0.0,0.07,0.0,0,0,0.0,0.0,10.0,0.0,5.0
2025-06-02T04:15:00+00:00,40.0,0.0,0.12,0.08,40.07,40.07,0,0.0,0.07,0.0,0,0,0.0,0.0,10.0,0.0,5.0
2025-06-02T04:30:00+00:00,40.0,0.0,0.12,0.08,73.195581,73.195581,0,0.4140697625000003,0.07,0.0,0,0,0.0,-33.125581,17.867325487499997,0.0,5.0
2025-06-02T04:45:00+00:00,40.0,0.0,0.12,0.08,80.0,80.0,0,0.49912500000000043,0.07,0.0,0,0,9.999999974752427e-07,-39.93,27.350700487499996,0.0,5.0
2025-06-02T05:00:00+00:00,40.0,0.0,0.12,0.08,80.0,80.0,0,0.49912500000000043,0.07,0.0,0,0,9.999999974752427e-07,-39.93,36.834075487499994,0.0,5.0
2025-06-02T05:15:00+00:00,40.0,0.0,0.12,0.08,80.0,80.0,0,0.49912500000000043,0.07,0.0,0,0,9.999999974752427e-07,-39.93,46.3174504875,0.0,5.0
2025-06-02T05:30:00+00:00,40.0,0.0,0.12,0.08,80.0,80.0,0,0.49912500000000043,0.07,0.0,0,0,9.999999974752427e-07,-39.93,55.80082548749999,0.0,5.0
2025-06-02T05:45:00+00:00,40.0,0.0,0.12,0.08,80.0,80.0,0,0.49912500000000043,0.07,0.0,0,0,9.999999974752427e-07,-39.93,65.28420048749999,0.0,5.0
2025-06-02T06:00:00+00:00,40.0,0.0,0.25,0.08,0.0,0,0,0.5272368421052626,0.07,0.0,0,0,0.0,40.07,54.73946364539472,0.0,5.0
2025-06-02T06:15:00+00:00,40.0,7.848376,0.25,0.08,0.0,0,0,0.4239687368421048,0.07,0.0,0,0,0.0,32.221624,46.26008890855262,0.0,5.0
2025-06-02T06:30:00+00:00,40.0,15.663143,0.25,0.08,3.552713678800501e-15,3.552713678800501e-15,0,0.3211428552631575,0.07,0.0,0,0,0.0,24.406857,39.83723180328946,0.0,5.0
2025-06-02T06:45:00+00:00,40.0,23.410839,0.25,0.08,0.0,0,0,0.21919948684210502,0.07,0.0,0,0,0.0,16.659161,35.45324206644736,0.0,5.0
2025-06-02T07:00:00+00:00,65.0,31.058285,0.25,0.08,0.0,0,0,0.4475225657894732,0.07,0.0,0,0,0.0,34.011715,26.502790750657887,0.0,5.0
2025-06-02T07:15:00+00:00,65.0,38.572736,0.25,0.08,0.0,0,0,0.3486482105263154,0.07,0.0,0,0,0.0,26.497264,19.52982654013157,0.0,5.0
2025-06-02T07:30:00+00:00,65.0,45.922012,0.25,0.08,0.0,0,0,0.25194721052631547,0.07,0.0,0,0,3.552713678800501e-15,19.147987999999998,14.490882329605254,0.0,5.0
2025-06-02T07:45:00+00:00,65.0,53.074643,0.25,0.08,0.0,0,0,0.15783364473684192,0.07,0.0,0,0,1.7763568394002505e-15,11.995356999999998,11.334209434868413,0.0,5.0
2025-06-02T08:00:00+00:00,65.0,60.0,0.25,0.08,4.147500031415063e-06,4.147500031415063e-06,0,0.06671047174342057,0.07,0.0,0,0,4.147500031415063e-06,5.069995852499969,10.0,0.0,5.0
2025-06-02T08:15:00+00:00,65.0,66.668428,0.25,0.08,-5.773159728050814e-15,0,5.773159728050814e-15,0.02397642000000002,0.07,0.0,0,0,0.0,0.0,10.0,-1.598428,5.37563058
2025-06-02T08:30:00+00:00,65.0,73.051371,0.25,0.08,-7.981371000000003,0,7.981371000000003,0.0,0.07,0.0,0,0,0.0,0.0,10.0,0.0,5.37563058
2025-06-02T08:45:00+00:00,65.0,79.121498,0.25,0.08,-1.7763568394002505e-15,0,1.7763568394002505e-15,0.21077247000000018,0.07,0.0,0,0,0.0,0.0,10.0,-14.051498,8.67773261
2025-06-02T09:00:00+00:00,65.0,84.852814,0.25,0.08,-4.301824999999996,0,4.301824999999996,0.2322148350000002,0.07,0.0,0,0,0.0,0.0,10.0,-15.480989,12.315765025
2025-06-02T09:15:00+00:00,65.0,90.220777,0.25,0.08,-0.15077699999999794,0,0.15077699999999794,0.37500000000000033,0.07,0.0,0,0,0.0,0.0,10.0,-25,18.190765024999997
2025-06-02T09:30:00+00:00,65.0,95.202401,0.25,0.08,7.105427357601002e-15,7.105427357601002e-15,0,0.4391550125000004,0.07,0.0,0,0,0.0,-5.132401,11.2189452375,-25,24.065765024999997
2025-06-02T09:45:00+00:00,65.0,99.776353,0.25,0.08,0.0,0,0,0.4338294125000004,0.07,0.0,0,0,0.0,-34.706353,19.461704075,0.0,24.065765024999997
2025-06-02T10:00:00+00:00,65.0,103.923048,0.25,0.08,-27.762491999999995,0,27.762491999999995,0.13863195000000011,0.07,0.0,0,0,0.0,-11.090556,22.095711125,0.0,24.065765024999997
2025-06-02T10:15:00+00:00,65.0,107.624729,0.25,0.08,-42.554729,0,42.554729,0.0,0.07,0.0,0,0,0.0,0.0,22.095711125,0.0,24.065765024999997
2025-06-02T10:30:00+00:00,65.0,110.865544,0.25,0.08,-45.795544,0,45.795544,0.0,0.07,0.0,0,0,0.0,0.0,22.095711125,0.0,24.065765024999997
2025-06-02T10:45:00+00:00,65.0,113.631616,0.25,0.08,7.105427357601002e-15,7.105427357601002e-15,0,0.6070202000000006,0.07,0.0,0,0,0.0,-48.561616,33.629094925000004,0.0,24.065765024999997
2025-06-02T11:00:00+00:00,65.0,115.911099,0.25,0.08,-25.841098999999993,0,25.841098999999993,0.37500000000000033,0.07,0.0,0,0,0.0,0.0,33.629094925000004,-25,29.940765024999997
2025-06-02T11:15:00+00:00,65.0,117.694234,0.25,0.08,-49.99999999999999,0,49.99999999999999,0.03936351000000003,0.07,0.0,0,0,0.0,0.0,33.629094925000004,-2.624234,30.557460014999997
2025-06-02T11:30:00+00:00,65.0,118.973383,0.25,0.08,-50.0,0,50.0,0.05855074500000005,0.07,0.0,0,0,0.0,0.0,33.629094925000004,-3.903383,31.474755019999996
2025-06-02T11:45:00+00:00,65.0,119.743071,0.25,0.08,-29.673071,0,29.673071,0.37500000000000033,0.07,0.0,0,0,0.0,0.0,33.629094925000004,-25,37.349755019999996
2025-06-02T12:00:00+00:00,65.0,120.0,0.25,0.08,-50.0,0,50.0,0.07395000000000006,0.07,0.0,0,0,0.0,0.0,33.629094925000004,-4.93,38.508305019999995
2025-06-02T12:15:00+00:00,65.0,119.743071,0.25,0.08,-50.0,0,50.0,0.05841338750000005,0.07,0.0,0,0,0.0,-4.673071,34.738949287500006,0.0,38.508305019999995
2025-06-02T12:30:00+00:00,65.0,118.973383,0.25,0.08,-50.0,0,50.0,0.04879228750000004,0.07,0.0,0,0,0.0,-3.903383,35.666002750000004,0.0,38.508305019999995
2025-06-02T12:45:00+00:00,65.0,117.694234,0.25,0.08,7.105427357601002e-15,7.105427357601002e-15,0,0.6643635100000006,0.07,0.0,0,0,0.0,-50,47.541002750000004,-2.624234,39.125000009999994
2025-06-02T13:00:00+00:00,65.0,115.911099,0.25,0.08,-0.8410989999999927,0,0.8410989999999927,0.6250000000000006,0.07,0.0,0,0,0.0,-50,59.416002750000004,0.0,39.125000009999994
2025-06-02T13:15:00+00:00,65.0,113.631616,0.25,0.08,-48.561615999999994,0,48.561615999999994,0.0,0.07,0.0,0,0,0.0,0.0,59.416002750000004,0.0,39.125000009999994
2025-06-02T13:30:00+00:00,65.0,110.865544,0.25,0.08,-45.795544,0,45.795544,0.0,0.07,0.0,0,0,0.0,0.0,59.416002750000004,0.0,39.125000009999994
2025-06-02T13:45:00+00:00,65.0,107.624729,0.25,0.08,0.0,0,0,0.5319341125000004,0.07,0.0,0,0,0.0,-42.554729,69.52275088750001,0.0,39.125000009999994
2025-06-02T14:00:00+00:00,65.0,103.923048,0.25,0.08,-13.853048042553159,0,13.853048042553159,0.37499999936170286,0.07,0.0,0,0,4.25531645475985e-08,0.0,69.52275088750001,-24.999999957446835,45.0
2025-06-02T14:15:00+00:00,65.0,99.776353,0.25,0.08,0.0,0,0,0.4338294125000004,0.07,0.0,0,0,0.0,-34.706353,77.76550972500002,-0.0,45.0
2025-06-02T14:30:00+00:00,65.0,95.202401,0.25,0.08,7.105427357601002e-15,7.105427357601002e-15,0,0.37665501250000033,0.07,0.0,0,0,0.0,-30.132401,84.92195496250001,-0.0,45.0
2025-06-02T14:45:00+00:00,65.0,90.220777,0.25,0.08,-25.150776999999998,0,25.150776999999998,0.0,0.07,0.0,0,0,0.0,0.0,84.92195496250001,-0.0,45.0
2025-06-02T15:00:00+00:00,65.0,84.852814,0.25,0.08,3.552713678800501e-15,3.552713678800501e-15,0,0.2472851750000002,0.07,0.0,0,0,0.0,-19.782814,89.62037328750002,-0.0,45.0
2025-06-02T15:15:00+00:00,65.0,79.121498,0.25,0.08,-14.051498000000002,0,14.051498000000002,0.0,0.07,0.0,0,0,0.0,0.0,89.62037328750002,-0.0,45.0
2025-06-02T15:30:00+00:00,65.0,73.051371,0.25,0.08,-7.981371000000003,0,7.981371000000003,0.0,0.07,0.0,0,0,0.0,0.0,89.62037328750002,-0.0,45.0
2025-06-02T15:45:00+00:00,65.0,66.668428,0.25,0.08,-5.773159728050814e-15,0,5.773159728050814e-15,0.019980350000000018,0.07,0.0,0,0,0.0,-1.598428,89.99999993750002,-0.0,45.0
2025-06-02T16:00:00+00:00,200.0,60.0,0.25,0.08,80.000001,80.000001,0,0.8185862102463598,0.07,0.0,0,9.999999974752427e-07,0.0,50,76.84210520065791,10.069999,42.321808776595745
2025-06-02T16:15:00+00:00,200.0,53.074643,0.25,0.08,80.00000099999998,80.00000099999998,0,0.9290972262038066,0.07,0.0,0,9.99999983264388e-07,0.0,50,63.6842104638158,16.995356,37.80176728723404
2025-06-02T16:30:00+00:00,65.0,45.922012,0.25,0.08,80.0,80.0,0,0.7877801820541646,0.07,0.0,0,0,9.999999974752427e-07,-49.9999991783345,75.55921026867024,-10.852012821665504,40.35199030032543
2025-06-02T16:45:00+00:00,65.0,38.572736,0.25,0.08,80.0,80.0,0,0.6775410423363296,0.07,0.0,0,0,1.0000000050247593e-06,-49.999999065468366,87.43421004671897,-3.5027369345316295,41.175133479940364
2025-06-02T17:00:00+00:00,65.0,31.058285,0.4,0.08,0.0,0,0,0.5175113675811868,0.07,0.0,0,0,0.0,9.011715,85.06270609935055,25,34.5261973097276
2025-06-02T17:15:00+00:00,65.0,23.410839,0.4,0.08,7.105427357601002e-15,7.105427357601002e-15,0,0.6181356570548708,0.07,0.0,0,0,0.0,16.659161,80.67871636250844,25,27.877261139514832
2025-06-02T17:30:00+00:00,65.0,15.663143,0.4,0.08,0.0,0,0,0.7200790254759233,0.07,0.0,0,0,0.0,24.406857,74.25585925724528,25,21.228324969302065
2025-06-02T17:45:00+00:00,65.0,7.848376,0.4,0.08,0.0,0,0,0.8229049070548706,0.07,0.0,0,0,0.0,32.221624,65.77648452040317,25,14.579388799089298
2025-06-02T18:00:00+00:00,40.0,0.0,0.4,0.08,0.0,0,0,0.5272368421052626,0.07,0.0,0,0,0.0,40.07,55.23174767829791,0.0,14.579388799089298
2025-06-02T18:15:00+00:00,40.0,0.0,0.4,0.08,0.0,0,0,0.5272368421052626,0.07,0.0,0,0,0.0,40.07,44.68701083619264,0.0,14.579388799089298
2025-06-02T18:30:00+00:00,40.0,0.0,0.4,0.08,0.0,0,0,0.5972256438969762,0.07,0.0,0,0,0.0,15.07,40.72122136250843,25,7.930452628876531
2025-06-02T18:45:00+00:00,40.0,0.0,0.4,0.08,0.0,0,0,0.5272368421052626,0.07,0.0,0,0,0.0,40.07,30.176484520403164,0.0,7.930452628876531
2025-06-02T19:00:00+00:00,40.0,0.0,0.4,0.08,0.0,0,0,0.5272368421052626,0.07,0.0,0,0,0.0,40.07,19.6317476782979,0.0,7.930452628876531
2025-06-02T19:15:00+00:00,40.0,0.0,0.4,0.08,1.1542424260824191e-07,1.1542424260824191e-07,0,0.5580837103641703,0.07,0.0,0,0,1.1542424260824191e-07,29.051498,11.986616625666318,11.018501884575757,5.0
2025-06-02T19:30:00+00:00,40.0,0.0,0.4,0.08,32.52085682246799,32.52085682246799,0,0.09933083128331581,0.07,0.0,0,0,1.92246799013418e-06,7.5491431775320095,10.0,0.0,5.0
2025-06-02T19:45:00+00:00,40.0,0.0,0.4,0.08,40.07,40.07,0,0.0,0.07,0.0,0,0,0.0,0.0,10.0,0.0,5.0
2025-06-02T20:00:00+00:00,40.0,0.0,0.4,0.08,40.07,40.07,0,0.0,0.07,0.0,0,0,0.0,0.0,10.0,0.0,5.0
2025-06-02T20:15:00+00:00,40.0,0.0,0.4,0.08,40.07,40.07,0,0.0,0.07,0.0,0,0,0.0,0.0,10.0,0.0,5.0
2025-06-02T20:30:00+00:00,40.0,0.0,0.4,0.08,40.07,40.07,0,0.0,0.07,0.0,0,0,0.0,0.0,10.0,0.0,5.0
2025-06-02T20:45:00+00:00,40.0,0.0,0.4,0.08,40.07,40.07,0,0.0,0.07,0.0,0,0,0.0,0.0,10.0,0.0,5.0
2025-06-02T21:00:00+00:00,40.0,0.0,0.25,0.08,40.07,40.07,0,0.0,0.07,0.0,0,0,0.0,0.0,10.0,0.0,5.0
2025-06-02T21:15:00+00:00,40.0,0.0,0.25,0.08,40.07,40.07,0,0.0,0.07,0.0,0,0,0.0,0.0,10.0,0.0,5.0
2025-06-02T21:30:00+00:00,40.0,0.0,0.25,0.08,40.07,40.07,0,0.0,0.07,0.0,0,0,0.0,0.0,10.0,0.0,5.0
2025-06-02T21:45:00+00:00,40.0,0.0,0.25,0.08,40.07,40.07,0,0.0,0.07,0.0,0,0,0.0,0.0,10.0,0.0,5.0
2025-06-02T22:00:00+00:00,40.0,0.0,0.25,0.08,40.07,40.07,0,0.0,0.07,0.0,0,0,0.0,0.0,10.0,0.0,5.0
2025-06-02T22:15:00+00:00,40.0,0.0,0.25,0.08,40.07,40.07,0,0.0,0.07,0.0,0,0,0.0,0.0,10.0,0.0,5.0
2025-06-02T22:30:00+00:00,40.0,0.0,0.25,0.08,40.07,40.07,0,0.0,0.07,0.0,0,0,0.0,0.0,10.0,0.0,5.0
2025-06-02T22:45:00+00:00,40.0,0.0,0.25,0.08,40.07,40.07,0,0.0,0.07,0.0,0,0,0.0,0.0,10.0,0.0,5.0
2025-06-02T23:00:00+00:00,40.0,0.0,0.25,0.08,40.07,40.07,0,0.0,0.07,0.0,0,0,0.0,0.0,10.0,0.0,5.0
2025-06-02T23:15:00+00:00,40.0,0.0,0.25,0.08,40.07,40.07,0,0.0,0.07,0.0,0,0,0.0,0.0,10.0,0.0,5.0
2025-06-02T23:30:00+00:00,40.0,0.0,0.25,0.08,40.07,40.07,0,0.0,0.07,0.0,0,0,0.0,0.0,10.0,0.0,5.0
2025-06-02T23:45:00+00:00,40.0,0.0,0.25,0.08,40.07,40.07,0,0.0,0.07,0.0,0,0,0.0,0.0,10.0,0.0,5.0
2025-06-03T00:00:00+00:00,40.0,0.0,0.12,0.08,40.07,40.07,0,0.0,0.07,0.0,0,0,0.0,0.0,10.0,0.0,5.0
2025-06-03T00:15:00+00:00,40.0,0.0,0.12,0.08,40.07,40.07,0,0.0,0.07,0.0,0,0,0.0,0.0,10.0,0.0,5.0
2025-06-03T00:30:00+00:00,40.0,0.0,0.12,0.08,40.07,40.07,0,0.0,0.07,0.0,0,0,0.0,0.0,10.0,0.0,5.0
2025-06-03T00:45:00+00:00,40.0,0.0,0.12,0.08,40.07,40.07,0,0.0,0.07,0.0,0,0,0.0,0.0,10.0,0.0,5.0
2025-06-03T01:00:00+00:00,40.0,0.0,0.12,0.08,40.07,40.07,0,0.0,0.07,0.0,0,0,0.0,0.0,10.0,0.0,5.0
2025-06-03T01:15:00+00:00,40.0,0.0,0.12,0.08,40.07,40.07,0,0.0,0.07,0.0,0,0,0.0,0.0,10.0,0.0,5.0
2025-06-03T01:30:00+00:00,40.0,0.0,0.12,0.08,40.07,40.07,0,0.0,0.07,0.0,0,0,0.0,0.0,10.0,0.0,5.0
2025-06-03T01:45:00+00:00,40.0,0.0,0.12,0.08,40.07,40.07,0,0.0,0.07,0.0,0,0,0.0,0.0,10.0,0.0,5.0
2025-06-03T02:00:00+00:00,40.0,0.0,0.12,0.08,40.07,40.07,0,0.0,0.07,0.0,0,0,0.0,0.0,10.0,0.0,5.0
2025-06-03T02:15:00+00:00,40.0,0.0,0.12,0.08,40.07,40.07,0,0.0,0.07,0.0,0,0,0.0,0.0,10.0,0.0,5.0
2025-06-03T02:30:00+00:00,40.0,0.0,0.12,0.08,40.07,40.07,0,0.0,0.07,0.0,0,0,0.0,0.0,10.0,0.0,5.0
2025-06-03T02:45:00+00:00,40.0,0.0,0.12,0.08,40.07,40.07,0,0.0,0.07,0.0,0,0,0.0,0.0,10.0,0.0,5.0
2025-06-03T03:00:00+00:00,40.0,0.0,0.12,0.08,40.07,40.07,0,0.0,0.07,0.0,0,0,0.0,0.0,10.0,0.0,5.0
2025-06-03T03:15:00+00:00,40.0,0.0,0.12,0.08,40.07,40.07,0,0.0,0.07,0.0,0,0,0.0,0.0,10.0,0.0,5.0
2025-06-03T03:30:00+00:00,40.0,0.0,0.12,0.08,40.07,40.07,0,0.0,0.07,0.0,0,0,0.0,0.0,10.0,0.0,5.0
2025-06-03T03:45:00+00:00,40.0,0.0,0.12,0.08,40.07,40.07,0,0.0,0.07,0.0,0,0,0.0,0.0,10.0,0.0,5.0
2025-06-03T04:00:00+00:00,40.0,0.0,0.12,0.08,40.07,40.07,0,0.0,0.07,0.0,0,0,0.0,0.0,10.0,0.0,5.0
2025-06-03T04:15:00+00:00,40.0,0.0,0.12,0.08,40.07,40.07,0,0.0,0.07,0.0,0,0,0.0,0.0,10.0,0.0,5.0
2025-06-03T04:30:00+00:00,40.0,0.0,0.12,0.08,80.0,80.0,0,0.49912500000000043,0.07,0.0,0,0,9.999999974752427e-07,-39.93,19.483375,0.0,5.0
2025-06-03T04:45:00+00:00,40.0,0.0,0.12,0.08,73.195581,73.195581,0,0.4140697625000003,0.07,0.0,0,0,0.0,-33.125581,27.3507004875,0.0,5.0
2025-06-03T05:00:00+00:00,40.0,0.0,0.12,0.08,80.0,80.0,0,0.49912500000000043,0.07,0.0,0,0,9.999999974752427e-07,-39.93,36.8340754875,0.0,5.0
2025-06-03T05:15:00+00:00,40.0,0.0,0.12,0.08,80.0,80.0,0,0.49912500000000043,0.07,0.0,0,0,9.999999974752427e-07,-39.93,46.3174504875,0.0,5.0
2025-06-03T05:30:00+00:00,40.0,0.0,0.12,0.08,80.0,80.0,0,0.49912500000000043,0.07,0.0,0,0,9.999999974752427e-07,-39.93,55.80082548749999,0.0,5.0
2025-06-03T05:45:00+00:00,40.0,0.0,0.12,0.08,80.0,80.0,0,0.49912500000000043,0.07,0.0,0,0,9.999999974752427e-07,-39.93,65.28420048749999,0.0,5.0
2025-06-03T06:00:00+00:00,40.0,0.0,0.25,0.08,0.0,0,0,0.5272368421052626,0.07,0.0,0,0,0.0,40.07,54.73946364539472,0.0,5.0
2025-06-03T06:15:00+00:00,40.0,7.848376,0.25,0.08,0.0,0,0,0.4239687368421048,0.07,0.0,0,0,0.0,32.221624,46.26008890855262,0.0,5.0
2025-06-03T06:30:00+00:00,40.0,15.663143,0.25,0.08,3.552713678800501e-15,3.552713678800501e-15,0,0.3211428552631575,0.07,0.0,0,0,0.0,24.406857,39.83723180328946,0.0,5.0
2025-06-03T06:45:00+00:00,40.0,23.410839,0.25,0.08,0.0,0,0,0.21919948684210502,0.07,0.0,0,0,0.0,16.659161,35.45324206644736,0.0,5.0
2025-06-03T07:00:00+00:00,65.0,31.058285,0.25,0.08,0.0,0,0,0.4475225657894732,0.07,0.0,0,0,0.0,34.011715,26.502790750657887,0.0,5.0
2025-06-03T07:15:00+00:00,65.0,38.572736,0.25,0.08,0.0,0,0,0.3486482105263154,0.07,0.0,0,0,0.0,26.497264,19.52982654013157,0.0,5.0
2025-06-03T07:30:00+00:00,65.0,45.922012,0.25,0.08,0.0,0,0,0.25194721052631547,0.07,0.0,0,0,3.552713678800501e-15,19.147987999999998,14.490882329605254,0.0,5.0
2025-06-03T07:45:00+00:00,65.0,53.074643,0.25,0.08,0.0,0,0,0.15783364473684192,0.07,0.0,0,0,1.7763568394002505e-15,11.995356999999998,11.334209434868413,0.0,5.0
2025-06-03T08:00:00+00:00,65.0,60.0,0.25,0.08,4.147500031415063e-06,4.147500031415063e-06,0,0.06671047174342057,0.07,0.0,0,0,4.147500031415063e-06,5.069995852499969,10.0,0.0,5.0
2025-06-03T08:15:00+00:00,65.0,66.668428,0.25,0.08,-1.5984280000000057,0,1.5984280000000057,0.0,0.07,0.0,0,0,0.0,0.0,10.0,0.0,5.0
2025-06-03T08:30:00+00:00,65.0,73.051371,0.25,0.08,-7.981371000000003,0,7.981371000000003,0.0,0.07,0.0,0,0,0.0,0.0,10.0,0.0,5.0
2025-06-03T08:45:00+00:00,65.0,79.121498,0.25,0.08,-14.051498000000002,0,14.051498000000002,0.0,0.07,0.0,0,0,0.0,0.0,10.0,0.0,5.0
2025-06-03T09:00:00+00:00,65.0,84.852814,0.25,0.08,3.552713678800501e-15,3.552713678800501e-15,0,0.29674221000000023,0.07,0.0,0,0,0.0,0.0,10.0,-19.782814,9.648961289999999
2025-06-03T09:15:00+00:00,65.0,90.220777,0.25,0.08,3.552713678800501e-15,3.552713678800501e-15,0,0.3143847125000003,0.07,0.0,0,0,0.0,-25.150777,15.9733095375,0.0,9.648961289999999
2025-06-03T09:30:00+00:00,65.0,95.202401,0.25,0.08,-30.132400999999994,0,30.132400999999994,0.0,0.07,0.0,0,0,0.0,0.0,15.9733095375,0.0,9.648961289999999
2025-06-03T09:45:00+00:00,65.0,99.776353,0.25,0.08,0.0,0,0,0.49632941250000046,0.07,0.0,0,0,0.0,-9.706353,18.278568375,-25,15.523961289999999
2025-06-03T10:00:00+00:00,65.0,103.923048,0.25,0.08,-38.853047999999994,0,38.853047999999994,0.0,0.07,0.0,0,0,0.0,0.0,18.278568375,0.0,15.523961289999999
2025-06-03T10:15:00+00:00,65.0,107.624729,0.25,0.08,-42.554729,0,42.554729,0.0,0.07,0.0,0,0,0.0,0.0,18.278568375,0.0,15.523961289999999
2025-06-03T10:30:00+00:00,65.0,110.865544,0.25,0.08,-45.795544,0,45.795544,0.0,0.07,0.0,0,0,0.0,0.0,18.278568375,0.0,15.523961289999999
2025-06-03T10:45:00+00:00,65.0,113.631616,0.25,0.08,-48.561615999999994,0,48.561615999999994,0.0,0.07,0.0,0,0,0.0,0.0,18.278568375,0.0,15.523961289999999
2025-06-03T11:00:00+00:00,65.0,115.911099,0.25,0.08,7.105427357601002e-15,7.105427357601002e-15,0,0.6376164850000006,0.07,0.0,0,0,0.0,-50,30.153568375,-0.841099,15.721619554999998
2025-06-03T11:15:00+00:00,65.0,117.694234,0.25,0.08,-50.0,0,50.0,0.03381203190000003,0.07,3.999999620418748e-08,0,0,0.0,-2.220591,30.6809587375,-0.40364296,15.8164756506
2025-06-03T11:30:00+00:00,65.0,118.973383,0.25,0.08,-50.0,0,50.0,0.04879228750000004,0.07,0.0,0,0,0.0,-3.903383,31.608012199999997,0.0,15.8164756506
2025-06-03T11:45:00+00:00,65.0,119.743071,0.25,0.08,-4.673071,0,4.673071,0.6250000000000006,0.07,0.0,0,0,0.0,-50,43.4830122,0.0,15.8164756506
2025-06-03T12:00:00+00:00,65.0,120.0,0.25,0.08,0.0,0,0,0.6989500000000006,0.07,0.0,0,0,0.0,-50,55.3580122,-4.93,16.9750256506
2025-06-03T12:15:00+00:00,65.0,119.743071,0.25,0.08,-29.673071,0,29.673071,0.37500000000000033,0.07,0.0,0,0,0.0,0.0,55.3580122,-25,22.8500256506
2025-06-03T12:30:00+00:00,65.0,118.973383,0.25,0.08,-50.0,0,50.0,0.04879228750000004,0.07,0.0,0,0,0.0,-3.903383,56.285065662499996,0.0,22.8500256506
2025-06-03T12:45:00+00:00,65.0,117.694234,0.25,0.08,-49.99999999999999,0,49.99999999999999,0.03280292500000003,0.07,0.0,0,0,0.0,-2.624234,56.9083212375,0.0,22.8500256506
2025-06-03T13:00:00+00:00,65.0,115.911099,0.25,0.08,-49.99999999999999,0,49.99999999999999,0.012616485000000012,0.07,0.0,0,0,0.0,0.0,56.9083212375,-0.841099,23.0476839156
2025-06-03T13:15:00+00:00,65.0,113.631616,0.25,0.08,7.105427357601002e-15,7.105427357601002e-15,0,0.6070202000000006,0.07,0.0,0,0,0.0,-48.561616,68.4417050375,0.0,23.0476839156
2025-06-03T13:30:00+00:00,65.0,110.865544,0.25,0.08,-20.795544,0,20.795544,0.37500000000000033,0.07,0.0,0,0,0.0,0.0,68.4417050375,-25,28.9226839156
2025-06-03T13:45:00+00:00,65.0,107.624729,0.25,0.08,0.0,0,0,0.5319341125000004,0.07,0.0,0,0,0.0,-42.554729,78.548453175,0.0,28.9226839156
2025-06-03T14:00:00+00:00,65.0,103.923048,0.25,0.08,-15.786785999999996,0,15.786785999999996,0.28832827500000024,0.07,0.0,0,0,0.0,-23.066262,84.0266904,0.0,28.9226839156
2025-06-03T14:15:00+00:00,65.0,99.776353,0.25,0.08,-34.706353,0,34.706353,0.0,0.07,0.0,0,0,0.0,0.0,84.0266904,0.0,28.9226839156
2025-06-03T14:30:00+00:00,65.0,95.202401,0.25,0.08,-5.132400999999994,0,5.132400999999994,0.37500000000000033,0.07,0.0,0,0,0.0,0.0,84.0266904,-25,34.797683915600004
2025-06-03T14:45:00+00:00,65.0,90.220777,0.25,0.08,3.552713678800501e-15,3.552713678800501e-15,0,0.3143847125000003,0.07,0.0,0,0,0.0,-25.150777,89.99999993750001,0.0,34.797683915600004
2025-06-03T15:00:00+00:00,65.0,84.852814,0.25,0.08,3.552713678800501e-15,3.552713678800501e-15,0,0.29674221000000023,0.07,0.0,0,0,0.0,0.0,89.99999993750001,-19.782814,39.44664520560001
2025-06-03T15:15:00+00:00,65.0,79.121498,0.25,0.08,-1.7763568394002505e-15,0,1.7763568394002505e-15,0.21077247000000018,0.07,0.0,0,0,0.0,0.0,89.99999993750001,-14.051498,42.74874723560001
2025-06-03T15:30:00+00:00,65.0,73.051371,0.25,0.08,-2.6645352591003757e-15,0,2.6645352591003757e-15,0.11972056500000011,0.07,0.0,0,0,0.0,0.0,89.99999993750001,-7.981371,44.624369420600004
2025-06-03T15:45:00+00:00,65.0,66.668428,0.25,0.08,-2.5532156389118654e-09,0,2.5532156389118654e-09,0.023976419961701873,0.07,0.0,0,0,2.5532098657521374e-09,0.0,89.99999993750001,-1.59842799744679,45.0
2025-06-03T16:00:00+00:00,200.0,60.0,0.25,0.08,80.000001,80.000001,0,0.8185862102463598,0.07,0.0,0,9.999999974752427e-07,0.0,50,76.8421052006579,10.069999,42.321808776595745
2025-06-03T16:15:00+00:00,200.0,53.074643,0.25,0.08,80.00000099999998,80.00000099999998,0,0.9290972262038066,0.07,0.0,0,9.99999983264388e-07,0.0,50,63.68421046381579,16.995356,37.80176728723404
2025-06-03T16:30:00+00:00,65.0,45.922012,0.25,0.08,80.0,80.0,0,0.7877801820541646,0.07,0.0,0,0,9.999999974752427e-07,-49.9999991783345,75.55921026867023,-10.852012821665504,40.35199030032543
2025-06-03T16:45:00+00:00,65.0,38.572736,0.25,0.08,80.0,80.0,0,0.6775410423363296,0.07,0.0,0,0,1.0000000050247593e-06,-49.999999065468366,87.43421004671896,-3.5027369345316295,41.175133479940364
2025-06-03T17:00:00+00:00,65.0,31.058285,0.4,0.08,0.0,0,0,0.5175113675811868,0.07,0.0,0,0,0.0,9.011715,85.06270609935054,25,34.5261973097276
2025-06-03T17:15:00+00:00,65.0,23.410839,0.4,0.08,7.105427357601002e-15,7.105427357601002e-15,0,0.5789937253639412,0.07,0.0,0,0,0.0,30.640659,76.99937478356107,11.018502,31.595744650153133
2025-06-03T17:30:00+00:00,65.0,15.663143,0.4,0.08,0.0,0,0,0.7200790254759233,0.07,0.0,0,0,0.0,24.406857,70.5765176782979,25,24.946808479940366
2025-06-03T17:45:00+00:00,65.0,7.848376,0.4,0.08,0.0,0,0,0.8229049070548706,0.07,0.0,0,0,0.0,32.221624,62.0971429414558,25,18.297872309727598
2025-06-03T18:00:00+00:00,40.0,0.0,0.4,0.08,0.0,0,0,0.5272368421052626,0.07,0.0,0,0,0.0,40.07,51.552406099350534,0.0,18.297872309727598
2025-06-03T18:15:00+00:00,40.0,0.0,0.4,0.08,0.0,0,0,0.5272368421052626,0.07,0.0,0,0,0.0,40.07,41.00766925724527,0.0,18.297872309727598
2025-06-03T18:30:00+00:00,40.0,0.0,0.4,0.08,0.0,0,0,0.5272368421052626,0.07,0.0,0,0,0.0,40.07,30.462932415140003,0.0,18.297872309727598
2025-06-03T18:45:00+00:00,40.0,0.0,0.4,0.08,0.0,0,0,0.5972256438969762,0.07,0.0,0,0,0.0,15.07,26.49714294145579,25,11.64893613951483
2025-06-03T19:00:00+00:00,40.0,0.0,0.4,0.08,1.1542423550281455e-07,1.1542423550281455e-07,0,0.5972256420551,0.07,0.0,0,0,1.1542423905552823e-07,15.07,22.53135346777158,24.99999988457576,5.0
2025-06-03T19:15:00+00:00,40.0,0.0,0.4,0.08,0.0,0,0,0.5272368421052626,0.07,0.0,0,0,0.0,40.07,11.986616625666317,0.0,5.0
2025-06-03T19:30:00+00:00,40.0,0.0,0.4,0.08,40.07,40.07,0,0.0,0.07,0.0,0,0,0.0,0.0,11.986616625666317,0.0,5.0
2025-06-03T19:45:00+00:00,40.0,0.0,0.4,0.08,40.07,40.07,0,0.0,0.07,0.0,0,0,0.0,0.0,11.986616625666317,0.0,5.0
2025-06-03T20:00:00+00:00,40.0,0.0,0.4,0.08,40.07,40.07,0,0.0,0.07,0.0,0,0,0.0,0.0,11.986616625666317,0.0,5.0
2025-06-03T20:15:00+00:00,40.0,0.0,0.4,0.08,40.07,40.07,0,0.0,0.07,0.0,0,0,0.0,0.0,11.986616625666317,0.0,5.0
2025-06-03T20:30:00+00:00,40.0,0.0,0.4,0.08,40.07,40.07,0,0.0,0.07,0.0,0,0,0.0,0.0,11.986616625666317,0.0,5.0
2025-06-03T20:45:00+00:00,40.0,0.0,0.4,0.08,32.520856822468,32.520856822468,0,0.09933083128331573,0.07,0.0,0,0,1.922467996351429e-06,7.549143177532003,10.0,0.0,5.0
2025-06-03T21:00:00+00:00,40.0,0.0,0.25,0.08,40.07,40.07,0,0.0,0.07,0.0,0,0,0.0,0.0,10.0,0.0,5.0
2025-06-03T21:15:00+00:00,40.0,0.0,0.25,0.08,40.07,40.07,0,0.0,0.07,0.0,0,0,0.0,0.0,10.0,0.0,5.0
2025-06-03T21:30:00+00:00,40.0,0.0,0.25,0.08,40.07,40.07,0,0.0,0.07,0.0,0,0,0.0,0.0,10.0,0.0,5.0
2025-06-03T21:45:00+00:00,40.0,0.0,0.25,0.08,40.07,40.07,0,0.0,0.07,0.0,0,0,0.0,0.0,10.0,0.0,5.0
2025-06-03T22:00:00+00:00,40.0,0.0,0.25,0.08,40.07,40.07,0,0.0,0.07,0.0,0,0,0.0,0.0,10.0,0.0,5.0
2025-06-03T22:15:00+00:00,40.0,0.0,0.25,0.08,54.017430000000004,54.017430000000004,0,0.17434287500000017,0.07,0.0,0,0,0.0,-13.94743,13.312514625,0.0,5.0
2025-06-03T22:30:00+00:00,40.0,0.0,0.25,0.08,80.0,80.0,0,0.49912500000000043,0.07,0.0,0,0,9.999999974752427e-07,-39.93,22.795889625,0.0,5.0
2025-06-03T22:45:00+00:00,40.0,0.0,0.25,0.08,80.0,80.0,0,0.5616249984347613,0.07,0.0,0,0,1.00000000458067e-06,-14.930000626095651,26.34176477369772,-24.999999373904345,10.874999852867521
2025-06-03T23:00:00+00:00,40.0,0.0,0.25,0.08,80.0,80.0,0,0.49912500000000043,0.07,0.0,0,0,9.999999974752427e-07,-39.93,35.825139773697714,0.0,10.874999852867521
2025-06-03T23:15:00+00:00,40.0,0.0,0.25,0.08,80.0,80.0,0,0.5616249984347613,0.07,0.0,0,0,1.00000000458067e-06,-14.930000626095651,39.37101492239543,-24.999999373904345,16.749999705735043
2025-06-03T23:30:00+00:00,40.0,0.0,0.25,0.08,80.0,80.0,0,0.5243909568672442,0.07,0.0,0,0,9.999999992515995e-07,-29.823617253102498,46.45412402000727,-10.106382746897502,19.124999651255955
2025-06-03T23:45:00+00:00,40.0,0.0,0.25,0.08,80.0,80.0,0,0.5616249984347613,0.07,0.0,0,0,1.00000000458067e-06,-14.930000626095651,49.99999916870499,-24.999999373904345,24.999999504123476
