Name,Manufacturer,Technology,Bifacial,STC,PTC,A_c,Length,Width,N_s,I_sc_ref,V_oc_ref,I_mp_ref,V_mp_ref,alpha_sc,beta_oc,T_NOCT,a_ref,I_L_ref,I_o_ref,R_s,R_sh_ref,Adjust,gamma_pmp,BIPV,Version,Date
Units,,,,,,m2,m,m,,A,V,A,V,A/K,V/K,C,V,A,A,Ohm,Ohm,%,%/K,,,
[0],lib_manufacturer,cec_material,lib_is_bifacial,,,cec_area,lib_length,lib_width,cec_n_s,cec_i_sc_ref,cec_v_oc_ref,cec_i_mp_ref,cec_v_mp_ref,cec_alpha_sc,cec_beta_oc,cec_t_noct,cec_a_ref,cec_i_l_ref,cec_i_o_ref,cec_r_s,cec_r_sh_ref,cec_adjust,cec_gamma_pmp,,,
Ablytek 6MN6A270,Ablytek,Mono-c-Si,0,270.643,242.1,1.627,1.64,0.992,60,9.34,38.63,8.81,30.72,0.00486614,-0.121182,47.4,1.58733,9.34243,2.51188e-10,0.374013,1440.5,12.6561,-0.4509,N,2023.12.17,11/14/2024
Ablytek 6MN6A275,Ablytek,Mono-c-Si,0,275.191,246.7,1.627,1.64,0.992,60,9.42,38.97,8.88,30.99,0.00490782,-0.122249,47.4,1.60182,9.42313,2.55179e-10,0.374165,1127.45,12.7242,-0.4509,N,2023.12.17,11/14/2024
Ablytek 6MN6A280,Ablytek,Mono-c-Si,0,280.09,251.3,1.627,1.64,0.992,60,9.51,39.31,8.96,31.26,0.00495471,-0.123315,47.4,1.61626,9.51376,2.59257e-10,0.37392,945.874,12.784,-0.4509,N,2023.12.17,11/14/2024
Ablytek 6MN6A285,Ablytek,Mono-c-Si,0,285.031,256,1.627,1.64,0.992,60,9.59,39.65,9.04,31.53,0.00499639,-0.124382,47.4,1.62978,9.59321,2.59787e-10,0.374045,1116.6,12.7245,-0.4509,N,2023.12.17,11/14/2024
Ablytek 6MN6A290,Ablytek,Mono-c-Si,0,290.016,260.6,1.627,1.64,0.992,60,9.67,39.99,9.12,31.8,0.00503807,-0.125449,47.4,1.64329,9.67267,2.60331e-10,0.374168,1357.41,12.666,-0.4509,N,2023.12.17,11/14/2024
Advance Power API-P210,Advance Power,Multi-c-Si,0,210.148,186.8,1.638,1.646,0.995,60,7.6,35.94,7.09,29.64,0.00437608,-0.120111,47.6,1.52964,7.60815,4.65887e-10,0.247801,231.181,12.9624,-0.4501,N,2023.12.17,11/14/2024
Advance Power API-P215,Advance Power,Multi-c-Si,0,214.969,191.3,1.638,1.646,0.995,60,7.83,36,7.18,29.94,0.00450851,-0.120312,47.6,1.55623,7.84401,6.75228e-10,0.195624,109.341,16.1992,-0.4501,N,2023.12.17,11/14/2024
Advance Power API-P220,Advance Power,Multi-c-Si,0,219.876,195.9,1.638,1.646,0.995,60,7.95,36.06,7.3,30.12,0.00457761,-0.120513,47.6,1.5615,7.96228,7.14132e-10,0.172338,111.532,16.5815,-0.4501,N,2023.12.17,11/14/2024
Advance Power API-M225,Advance Power,Mono-c-Si,0,225,200.7,1.638,1.646,0.995,60,8.11,37.02,7.5,30,0.0043575,-0.131939,46,1.61348,8.12534,8.56987e-10,0.30842,163.062,10.7133,-0.4796,N,2023.12.17,11/14/2024
Advance Power API-P225,Advance Power,Multi-c-Si,0,224.968,200.5,1.638,1.646,0.995,60,8.1,36.42,7.41,30.36,0.00466398,-0.121716,47.6,1.57896,8.11454,7.44629e-10,0.17931,99.857,16.8136,-0.4501,N,2023.12.17,11/14/2024
Advance Power API-M230,Advance Power,Mono-c-Si,0,230.124,205.3,1.638,1.646,0.995,60,8.18,37.32,7.55,30.48,0.00439511,-0.133008,46,1.63629,8.1951,9.87695e-10,0.270574,146.615,11.9285,-0.4796,N,2023.12.17,11/14/2024
Advance Power API-P230,Advance Power,Multi-c-Si,0,230.124,205,1.638,1.646,0.995,60,8.17,36.6,7.55,30.48,0.00470429,-0.122317,47.6,1.57575,8.18115,6.47152e-10,0.186422,136.579,15.3728,-0.4501,N,2023.12.17,11/14/2024
Advance Power API-M235,Advance Power,Mono-c-Si,0,234.986,209.8,1.638,1.646,0.995,60,8.26,37.5,7.59,30.96,0.0044381,-0.13365,46,1.6598,8.27471,1.22784e-09,0.216058,121.312,13.8568,-0.4796,N,2023.12.17,11/14/2024
Advance Power API-P235,Advance Power,Multi-c-Si,0,235.008,209.6,1.638,1.646,0.995,60,8.23,36.72,7.68,30.6,0.00473883,-0.122718,47.6,1.57208,8.23718,5.78721e-10,0.185267,212.381,14.228,-0.4501,N,2023.12.17,11/14/2024
Advance Power API-M240,Advance Power,Mono-c-Si,0,239.928,214.4,1.638,1.646,0.995,60,8.29,37.56,7.69,31.2,0.00445422,-0.133864,46,1.6586,8.29911,1.18185e-09,0.188824,171.849,13.4386,-0.4796,N,2023.12.17,11/14/2024
Advance Power API-P240,Advance Power,Multi-c-Si,0,241.266,214.2,1.638,1.646,0.995,60,8.42,36.72,7.9,30.54,0.00484824,-0.122718,47.6,1.56517,8.42525,5.37654e-10,0.191402,307.064,13.3178,-0.4501,N,2023.12.17,11/14/2024
Advance Power API-M245,Advance Power,Mono-c-Si,0,245.07,219,1.638,1.646,0.995,60,8.32,37.62,7.78,31.5,0.00447034,-0.134078,46,1.66081,8.32486,1.1894e-09,0.152729,261.65,13.4369,-0.4796,N,2023.12.17,11/14/2024
Advance Power API-P245,Advance Power,Multi-c-Si,0,246.72,218.8,1.638,1.646,0.995,60,8.46,36.9,8,30.84,0.00487127,-0.12332,47.6,1.56995,8.46168,5.21938e-10,0.17119,863.015,12.9737,-0.4501,N,2023.12.17,11/14/2024
Advance Power API-M250,Advance Power,Mono-c-Si,0,250.002,223.6,1.638,1.646,0.995,60,8.59,37.62,8.17,30.6,0.00461541,-0.134078,46,1.62462,8.67903,7.57549e-10,0.27907,774.77,8.95777,-0.4796,N,2023.12.17,11/14/2024
Advance Power API-P250,Advance Power,Multi-c-Si,0,250.536,223.4,1.638,1.646,0.995,60,8.52,37.2,8.03,31.2,0.00490582,-0.124322,47.6,1.58903,8.52286,5.74657e-10,0.15455,460.865,13.8067,-0.4501,N,2023.12.17,11/14/2024
Advance Power API-M255,Advance Power,Mono-c-Si,0,255.51,228.2,1.638,1.646,0.995,60,8.67,37.68,8.35,30.6,0.00465839,-0.134292,46,1.62244,8.84554,7.23801e-10,0.281642,1963.9,8.38365,-0.4796,N,2023.12.17,11/14/2024
Advance Power API-P255,Advance Power,Multi-c-Si,0,255.005,228,1.638,1.646,0.995,60,8.56,37.5,8.08,31.56,0.00492885,-0.125325,47.6,1.60355,8.56217,5.92788e-10,0.139755,551.226,14.0452,-0.4501,N,2023.12.17,11/14/2024
Advance Power API-M260,Advance Power,Mono-c-Si,0,260.1,232.9,1.638,1.646,0.995,60,8.8,37.8,8.5,30.6,0.00472824,-0.134719,46,1.63053,9.07339,7.67344e-10,0.288533,387.91,8.70904,-0.4796,N,2023.12.17,11/14/2024
Advance Power API-P260,Advance Power,Multi-c-Si,0,260.133,231.5,1.951,1.961,0.995,72,7.83,43.2,7.24,35.93,0.00450851,-0.144374,47.6,1.85782,7.84078,6.04759e-10,0.23736,172.385,15.1342,-0.4501,N,2023.12.17,11/14/2024
Advance Power API-M265,Advance Power,Mono-c-Si,0,264.96,235.7,1.951,1.961,0.995,72,8.11,44.42,7.36,36,0.00432425,-0.144098,47.9,1.88899,8.14056,4.72387e-10,0.385226,102.246,16.0678,-0.4485,N,2023.12.17,11/14/2024
Advance Power API-P265,Advance Power,Multi-c-Si,0,264.906,236,1.951,1.961,0.995,72,7.95,43.27,7.33,36.14,0.00457761,-0.144608,47.6,1.86879,7.9609,6.75358e-10,0.208736,152.276,16.0392,-0.4501,N,2023.12.17,11/14/2024
Advance Power API-M270,Advance Power,Mono-c-Si,0,269.402,240.3,1.951,1.961,0.995,72,8.14,44.64,7.44,36.21,0.00434025,-0.144812,47.9,1.891,8.16542,4.36443e-10,0.381959,122.325,15.2677,-0.4485,N,2023.12.17,11/14/2024
Advance Power API-P270,Advance Power,Multi-c-Si,0,269.946,240.6,1.951,1.961,0.995,72,8.1,43.7,7.41,36.43,0.00466398,-0.146045,47.6,1.89462,8.11453,7.45003e-10,0.214939,119.812,16.8183,-0.4501,N,2023.12.17,11/14/2024
Advance Power API-M275,Advance Power,Mono-c-Si,0,275.082,244.9,1.951,1.961,0.995,72,8.18,44.78,7.52,36.58,0.00436158,-0.145266,47.9,1.89814,8.1995,4.47981e-10,0.341904,143.397,15.4475,-0.4485,N,2023.12.17,11/14/2024
Advance Power API-P275,Advance Power,Multi-c-Si,0,275.082,245.2,1.951,1.961,0.995,72,8.17,43.92,7.52,36.58,0.00470429,-0.146781,47.6,1.89574,8.18267,6.83376e-10,0.221689,142.923,15.8986,-0.4501,N,2023.12.17,11/14/2024
Advance Power API-M280,Advance Power,Mono-c-Si,0,280.136,249.5,1.951,1.961,0.995,72,8.21,44.86,7.6,36.86,0.00437757,-0.145526,47.9,1.90009,8.22399,4.45016e-10,0.309335,181.535,15.3279,-0.4485,N,2023.12.17,11/14/2024
Advance Power API-P280,Advance Power,Multi-c-Si,0,280.174,249.8,1.951,1.961,0.995,72,8.23,44.06,7.63,36.72,0.00473883,-0.147249,47.6,1.89398,8.23978,6.31106e-10,0.219636,184.905,15.0581,-0.4501,N,2023.12.17,11/14/2024
Advance Power API-M285,Advance Power,Mono-c-Si,0,285.314,254,1.951,1.961,0.995,72,8.39,44.21,7.77,36.72,0.00447355,-0.143417,47.9,1.8839,8.40155,5.23926e-10,0.238597,173.296,16.6591,-0.4485,N,2023.12.17,11/14/2024
Advance Power API-P285,Advance Power,Multi-c-Si,0,285.123,256.9,1.951,1.961,0.995,72,8.32,44.21,7.75,36.79,0.00499283,-0.14523,46.2,1.87699,8.32857,4.79749e-10,0.23235,225.478,14.3535,-0.4402,N,2023.12.17,11/14/2024
Advance Power API-M290,Advance Power,Mono-c-Si,0,290.088,258.6,1.951,1.961,0.995,72,8.48,44.43,7.9,36.72,0.00452154,-0.144131,47.9,1.88108,8.48981,4.58254e-10,0.266206,230.131,15.2774,-0.4485,N,2023.12.17,11/14/2024
Advance Power API-P290,Advance Power,Multi-c-Si,0,292.848,261.5,1.951,1.961,0.995,72,8.46,44.28,7.96,36.79,0.00507685,-0.14546,46.2,1.86706,8.46432,4.19597e-10,0.240321,471.072,12.9284,-0.4402,N,2023.12.17,11/14/2024
Advance Power API-P295,Advance Power,Multi-c-Si,0,296.08,266.1,1.951,1.961,0.995,72,8.49,44.42,8,37.01,0.00509485,-0.14592,46.2,1.87435,8.4935,4.29141e-10,0.225407,546.469,13.097,-0.4402,N,2023.12.17,11/14/2024
Advance Power API-P300,Advance Power,Multi-c-Si,0,303.163,270.7,1.951,1.961,0.995,72,8.54,44.86,8.05,37.66,0.00512485,-0.147365,46.2,1.90068,8.54297,4.7539e-10,0.185136,532.522,13.9849,-0.4402,N,2023.12.17,11/14/2024
Advance Power API-P305,Advance Power,Multi-c-Si,0,305.99,275.4,1.951,1.961,0.995,72,8.56,45,8.08,37.87,0.00513686,-0.147825,46.2,1.90771,8.56236,4.83674e-10,0.172328,624.733,14.1182,-0.4402,N,2023.12.17,11/14/2024
Advance Power API-P310,Advance Power,Multi-c-Si,0,310.243,277.3,1.951,1.961,0.995,72,8.62,45.22,8.16,38.02,0.0049634,-0.151125,47.6,1.9293,8.62124,5.681e-10,0.173687,1204.63,13.5769,-0.4501,N,2023.12.17,11/14/2024
Advance Power API-P315,Advance Power,Multi-c-Si,0,316.828,281.9,1.951,1.961,0.995,72,8.67,45.58,8.24,38.45,0.00499219,-0.152328,47.6,1.95434,8.75977,6.43328e-10,0.152418,434.906,14.6125,-0.4501,N,2023.12.17,11/14/2024
Advance Power API-P320,Advance Power,Multi-c-Si,0,320.25,288.7,1.94,,,72,9.38,45.5,8.75,36.6,0.00469,-0.1456,47.7,1.83488,9.39566,1.56562e-10,0.396393,237.367,6.33473,-0.42,N,2023.12.17,11/14/2024
Advance Power API-P325,Advance Power,Multi-c-Si,0,325.089,293.4,1.94,,,72,9.44,45.8,8.81,36.9,0.00472,-0.14656,47.7,1.84818,9.45514,1.60178e-10,0.388649,242.376,6.47478,-0.42,N,2023.12.17,11/14/2024
Advance Power API-M330,Advance Power,Mono-c-Si,0,329.875,302.4,1.94,,,72,9.57,46.8,8.75,37.7,0.003828,-0.1404,44.6,1.88584,9.60619,1.52834e-10,0.397226,105.04,13.2757,-0.42,N,2023.12.17,11/14/2024
Advance Power API-P330,Advance Power,Multi-c-Si,0,329.964,298,1.94,,,72,9.5,46.1,8.87,37.2,0.00475,-0.14752,47.7,1.86148,9.51462,1.63824e-10,0.381014,247.53,6.6126,-0.42,N,2023.12.17,11/14/2024
Advance Power API-M335,Advance Power,Mono-c-Si,0,335.16,307.1,1.94,,,72,9.61,47,8.82,38,0.003844,-0.141,44.6,1.89369,9.64133,1.53702e-10,0.378964,116.228,13.2764,-0.42,N,2023.12.17,11/14/2024
Advance Power API-P335,Advance Power,Multi-c-Si,0,336.144,302.7,1.94,,,72,9.56,46.4,8.94,37.6,0.00478,-0.14848,47.7,1.87642,9.57281,1.71371e-10,0.360408,268.867,6.94184,-0.42,N,2023.12.17,11/14/2024
Advance Power API-M340,Advance Power,Mono-c-Si,0,343.168,311.8,1.94,,,72,9.64,47.2,8.96,38.3,0.003856,-0.1416,44.6,1.89196,9.65896,1.37594e-10,0.362158,184.105,12.1956,-0.42,N,2023.12.17,11/14/2024
Advance Power API-M345,Advance Power,Mono-c-Si,0,344.832,315.8,1.94,,,72,9.72,47.3,8.98,38.4,0.003888,-0.1419,44.6,1.92298,9.74363,1.95646e-10,0.352268,144.905,15.3628,-0.43,N,2023.12.17,11/14/2024
Advance Power API-M350,Advance Power,Mono-c-Si,0,350.35,320.5,1.94,,,72,9.81,47.4,9.1,38.5,0.003924,-0.1422,44.6,1.9231,9.83016,1.88639e-10,0.347745,169.18,14.9232,-0.43,N,2023.12.17,11/14/2024
