Index;Wert
0;26.7837257
1;0
2;0
3;0
4;0
5;0
6;3.3447578
7;7.84370756
8;9.17140961
9;9.26340961
10;6.76893234
11;4.10445786
12;1.99090862
13;0.904134333
14;0
15;0
16;0
17;1.44505751
18;7.57663441
19;9.88510799
20;8.94833279
21;8.62140942
22;2.0039835
23;0
24;0
25;0
26;0
27;0
28;0
29;0
30;3.12659788
31;7.58110809
32;8.83297062
33;8.83797073
34;6.58421469
35;4.31045818
36;2.28666878
37;1.21877408
38;0
39;0
40;0
41;1.42673862
42;7.45207262
43;9.65382862
44;8.70793247
45;8.39997005
46;1.72470319
47;0
48;0
49;0
50;0
51;0
52;0
53;0
54;1.07611227
55;5.0456481
56;6.19494486
57;6.21494484
58;4.17917585
59;2.02940893
60;0.256463885
61;0
62;0
63;0
64;0
65;0
66;5.26847267
67;7.3182416
68;6.5957675
69;6.39494467
70;0.515641093
71;0
72;0
73;0
74;0
75;0
76;0
77;0
78;2.4907043
79;6.74176788
80;7.91107464
81;7.87907457
82;5.61354017
83;3.35200787
84;1.42955196
85;0.512324095
86;0
87;0
88;0
89;1.04139972
90;6.91184473
91;9.13537884
92;8.23014736
93;7.96007442
94;1.57047725
95;0
96;0
97;0
98;0
99;0
100;0
101;0
102;3.71443224
103;8.12484646
104;9.29482555
105;9.30682564
106;6.91661692
107;4.39140797
108;2.31194472
109;1.35871196
110;0.0657370389
111;0
112;0
113;1.90545619
114;8.25359344
115;10.5568018
116;9.50456905
117;9.2218256
118;2.42520046
119;0
120;0
121;0
122;0
123;0
124;0
125;0
126;4.04779053
127;8.67522907
128;10.0784969
129;10.0584965
130;7.52777719
131;4.88305759
132;2.74615669
133;1.82070506
134;0.543438017
135;0
136;0.450619549
137;2.52052164
138;8.8990469
139;11.2977648
140;10.3703117
141;10.2324963
142;3.25234008
143;0
144;0
145;0
146;0
147;0
148;0
149;0
150;3.35476351
151;7.84536886
152;9.15411186
153;9.16011238
154;6.62180948
155;4.07950783
156;1.97239172
157;0.970834613
158;0
159;0
160;0
161;1.80102003
162;7.62655306
163;9.54985714
164;8.56429863
165;8.26511192
166;1.64120638
167;0
168;0
169;0
170;0
171;0
172;0
173;0
174;0.276590914
175;5.70689106
176;5.75889111
177;6.04614353
178;3.3881197
179;1.35010386
180;0
181;0.0188433472
182;0
183;0
184;0
185;0.489095867
186;3.58062482
187;3.61662483
188;2.48736334
189;2.11085939
190;0
191;0
192;0
193;0
194;0
195;0
196;0
197;0
198;2.6946485
199;7.03860855
200;8.23816872
201;8.25916862
202;5.95668793
203;3.4642086
204;1.51436841
205;0.38644895
206;0
207;0
208;0
209;0.871088505
210;6.82625008
211;9.07773018
212;8.34980774
213;8.16916847
214;1.75072896
215;0
216;0
217;0
218;0
219;0
220;0
221;0
222;1.3029784
223;5.30190849
224;6.5618906
225;6.46889067
226;4.400424
227;2.29895878
228;0.447988302
229;0
230;0
231;0
232;0
233;0.127998143
234;5.70840454
235;7.85186863
236;6.93638277
237;6.67589045
238;0.575493217
239;0
240;0
241;0
242;0
243;0
244;0
245;0
246;2.14961219
247;6.38064861
248;7.66694498
249;7.73194504
250;5.62642765
251;3.50690866
252;1.64246392
253;0.499242187
254;0
255;0
256;0
257;0.564315796
258;6.31972218
259;8.46324158
260;7.55101681
261;7.32894516
262;1.04939139
263;0
264;0
265;0
266;0
267;0
268;0
269;0
270;2.81064868
271;7.16960955
272;8.38516903
273;8.38916969
274;6.17818928
275;3.9412086
276;2.01636887
277;1.09194827
278;0
279;0
280;0
281;1.41808784
282;7.37274885
283;9.63172913
284;8.68130684
285;8.41816902
286;1.87922919
287;0
288;0
289;0
290;0
291;0
292;0
293;0
294;4.12337446
295;8.95946789
296;10.2803526
297;10.3183527
298;7.88130665
299;5.46625853
300;3.39893198
301;2.25777006
302;0.948885024
303;0.285443425
304;0.669163764
305;2.73149037
306;9.21618843
307;11.6692381
308;10.6570711
309;10.4203529
310;3.3932128
311;0
312;0
313;0
314;0
315;0
316;0
317;0
318;4.86812687
319;11.7817574
320;11.4657574
321;11.8021441
322;8.1755209
323;5.56443977
324;3.69212699
325;3.78051162
326;3.41012692
327;3.1637423
328;3.31174231
329;4.27589798
330;8.21029186
331;8.2582922
332;6.95636463
333;6.44959545
334;1.60866141
335;0
336;0
337;0
338;0
339;0
340;0
341;0
342;7.29478073
343;12.9051275
344;14.4866571
345;14.5126572
346;11.7214823
347;8.88030815
348;6.46301746
349;5.30537033
350;3.73784232
351;2.96807837
352;3.36595988
353;5.77125072
354;13.3510122
355;16.1541843
356;14.9585361
357;14.5926571
358;6.27713299
359;0
360;0
361;0
362;0
363;0
364;0
365;0
366;8.35979939
367;14.2363272
368;15.8703375
369;15.8013372
370;12.7880726
371;9.79180717
372;7.21329594
373;5.88004112
374;4.23703289
375;3.42952871
376;3.94927931
377;6.5097928
378;14.4250813
379;17.3783455
380;16.050087
381;15.6753378
382;7.07654428
383;0
384;0
385;0
386;0
387;0
388;0
389;0
390;10.6138773
391;16.9396877
392;18.6759205
393;18.5819206
394;15.3400154
395;12.1061096
396;9.35276031
397;7.92108679
398;6.07785416
399;5.26273823
400;5.81829596
401;8.72564316
402;17.460247
403;20.8701534
404;19.6104774
405;18.7879219
406;9.31020164
407;0
408;0
409;0
410;0
411;0
412;0
413;1.44832861
414;15.6645861
415;23.3135681
416;23.4599991
417;23.4599991
418;21.6604996
419;17.6340084
420;14.1518717
421;12.3448048
422;10.0553799
423;8.94067001
424;9.64302158
425;13.3271589
426;23.3600006
427;23.3980007
428;23.5480003
429;23.5779991
430;14.2825174
431;0.842615187
432;0
433;0.0178200547
434;0.0138199637
435;0.0358200856
436;0.0298199486
437;1.60386837
438;14.9696274
439;22.1611881
440;23.632
441;23.4599991
442;19.9971409
443;16.1563587
444;12.6082602
445;10.8362131
446;8.59947872
447;7.42411232
448;7.84079647
449;11.0128937
450;20.9878712
451;22.4239998
452;22.7679996
453;22.8540001
454;12.2975779
455;0
456;0
457;0
458;0
459;0
460;0
461;0.454208642
462;13.4588079
463;20.5042076
464;22.6106129
465;22.7026119
466;19.0949059
467;15.4872084
468;12.0206089
469;10.1493073
470;7.95190907
471;6.97870827
472;7.65380859
473;10.9784079
474;20.7093086
475;23.3099995
476;22.9557076
477;22.3906116
478;11.8715086
479;0
480;0
481;0
482;0
483;0
484;0
485;0
486;10.0555687
487;16.1130295
488;17.8520164
489;17.7660179
490;14.4802876
491;11.1505575
492;8.35007477
493;6.93433523
494;5.13134909
495;4.30085373
496;4.80109978
497;7.63758135
498;16.0212746
499;19.1070061
500;17.806263
501;17.5640182
502;8.78882885
503;0
504;0
505;0
506;0
507;0
508;0
509;0.267208546
510;13.1263084
511;20.2032089
512;21.5306091
513;21.5306091
514;18.0731564
515;14.2577085
516;10.7456074
517;8.88455677
518;6.74715996
519;5.70445776
520;6.31080818
521;9.57090759
522;19.0915565
523;22.5879993
524;21.3749561
525;20.88661
526;10.5632591
527;0
528;0
529;0
530;0
531;0
532;0
533;0
534;3.55773067
535;8.23862743
536;9.65545654
537;9.65545654
538;7.32600784
539;4.98055887
540;2.9673171
541;1.90769517
542;0.59286797
543;0
544;0.209659755
545;2.30090141
546;8.66483498
547;11.0202856
548;10.0196638
549;9.81145668
550;3.00410962
551;0
552;0
553;0
554;0
555;0
556;0
557;0
558;5.71077108
559;10.5490284
560;11.5488176
561;11.3988171
562;8.75768661
563;5.90655756
564;3.3978765
565;2.15453529
566;0.708747625
567;0.0258542839
568;0.450300485
569;2.56898141
570;9.13947487
571;11.5286036
572;10.4792633
573;10.1088171
574;2.87543035
575;0
576;0
577;0
578;0
579;0
580;0
581;0
582;0
583;5.04024696
584;4.81824684
585;4.95565462
586;2.17279601
587;0.121558264
588;0
589;0
590;0
591;0
592;0
593;0
594;2.35360551
595;2.49560547
596;1.62658179
597;1.30377138
598;0
599;0
600;0
601;0
602;0
603;0
604;0
605;0
606;0
607;0.588442385
608;0.460442334
609;0.542912006
610;0
611;0
612;0
613;0
614;0
615;0
616;0
617;0
618;0
619;0
620;0
621;0
622;0
623;0
624;0
625;0
626;0
627;0
628;0
629;0
630;0
631;0
632;0
633;0
634;0
635;0
636;0
637;0
638;0
639;0
640;0
641;0
642;0
643;0
644;0
645;0
646;0
647;0
648;0
649;0
650;0
651;0
652;0
653;0
654;0
655;0.242647633
656;1.00334489
657;1.05434489
658;0
659;0
660;0
661;0
662;0
663;0
664;0
665;0
666;0.552822173
667;2.15804124
668;1.6075176
669;1.39534485
670;0
671;0
672;0
673;0
674;0
675;0
676;0
677;0
678;0
679;2.8563354
680;2.8723352
681;3.04845929
682;0.622991085
683;0
684;0
685;0
686;0
687;0
688;0
689;0
690;0.613236248
691;0.728236258
692;0
693;0
694;0
695;0
696;0
697;0
698;0
699;0
700;0
701;0
702;0.74499625
703;4.53088903
704;5.61800098
705;5.47800064
706;3.35605407
707;1.24610913
708;0
709;0
710;0
711;0
712;0
713;0
714;4.23316765
715;6.22911263
716;5.4042778
717;5.25100088
718;0
719;0
720;0
721;0
722;0
723;0
724;0
725;0
726;1.87323499
727;5.89206743
728;6.996593
729;6.89459276
730;4.72117472
731;2.62175846
732;0.772972226
733;0
734;0
735;0
736;0
737;0
738;5.34469843
739;7.41611671
740;6.55822182
741;6.26859283
742;0.228342324
743;0
744;0
745;0
746;0
747;0
748;0
749;0
750;3.16010189
751;7.73154879
752;9.06110573
753;9.10910511
754;6.83638191
755;4.53065872
756;2.55532455
757;1.47715783
758;0.0796020329
759;0
760;0
761;1.78654611
762;8.05393696
763;10.3706627
764;9.6084938
765;9.35710526
766;2.66793633
767;0
768;0
769;0
770;0
771;0
772;0
773;0
774;5.70317316
775;10.6764679
776;12.0515547
777;11.823554
778;9.00240517
779;6.25525951
780;3.95713234
781;2.77806973
782;1.34198582
783;0.729943812
784;1.21396434
785;3.41109037
786;10.3164892
787;12.9116383
788;11.9365711
789;11.6635542
790;4.29811192
791;0
792;0
793;0
794;0
795;0
796;0
797;0
798;6.47669172
799;11.8582277
800;13.2620964
801;13.2960968
802;10.4443274
803;7.66455841
804;5.24075794
805;4.0288558
806;2.52098799
807;1.75805271
808;2.14901948
809;4.51882267
810;11.968194
811;14.8579655
812;13.8510618
813;13.5430965
814;5.55178928
815;0
816;0
817;0
818;0
819;0
820;0
821;0
822;7.3986311
823;13.0696287
824;14.7750578
825;14.4610577
826;11.2525578
827;8.31005764
828;5.85991573
829;4.64284658
830;3.04341769
831;2.28370333
832;2.78906012
833;5.34520245
834;12.9819851
835;15.8004847
836;14.8194122
837;14.4310579
838;6.35355997
839;0
840;0
841;0
842;0
843;0
844;0
845;0
846;6.57445908
847;11.7307081
848;12.7632113
849;12.7092104
850;9.93508434
851;7.1099577
852;4.69670868
853;3.47508359
854;1.89558315
855;1.15983295
856;1.59970713
857;3.94595861
858;11.154583
859;13.9257097
860;13.0560827
861;12.826211
862;5.17883492
863;0
864;0
865;0
866;0
867;0
868;0
869;0
870;5.51314497
871;12.6251888
872;12.5751886
873;12.4782715
874;8.75428963
875;6.22363663
876;4.36514473
877;4.40922642
878;3.95914483
879;3.63406444
880;3.68706441
881;4.81930876
882;9.06445503
883;9.34445477
884;8.21404457
885;7.86488008
886;2.91241074
887;0
888;0
889;0
890;0
891;0
892;0
893;0
894;7.84959316
895;13.4824486
896;15.1492643
897;15.0472641
898;11.9018364
899;8.90041065
900;6.31318521
901;4.94857264
902;3.31175661
903;2.54134774
904;3.02955174
905;5.5587759
906;13.2606516
907;16.1540813
908;15.1144676
909;14.818264
910;6.48898268
911;0
912;0
913;0
914;0
915;0
916;0
917;0
918;7.43489552
919;12.8458872
920;14.2096014
921;14.0606022
922;11.1531057
923;8.28260994
924;5.83304024
925;4.55425739
926;2.94254398
927;2.12668872
928;2.5316155
929;4.97118282
930;12.4548159
931;15.2253141
932;14.2505264
933;14.102602
934;6.11411333
935;0
936;0
937;0
938;0
939;0
940;0
941;0
942;7.42512465
943;12.9189682
944;14.1753531
945;14.0193529
946;10.8244305
947;7.81850863
948;5.34543324
949;4.06089449
950;2.39951038
951;1.62181818
952;2.09066391
953;4.59974003
954;12.0948133
955;15.0297365
956;14.0471973
957;13.8103523
958;5.76658678
959;0
960;0
961;0
962;0
963;0
964;0
965;0
966;7.77020979
967;13.1794271
968;14.6127768
969;14.2917767
970;11.2541666
971;8.25655746
972;5.8340354
973;4.60677481
974;3.05842686
975;2.26025319
976;2.7103405
977;5.16786289
978;12.8985157
979;15.8921251
980;14.778863
981;14.3757763
982;6.04095125
983;0
984;0
985;0
986;0
987;0
988;0
989;0
990;5.72860718
991;10.7589874
992;12.0722427
993;11.9342422
994;9.22005081
995;6.62685871
996;4.40297985
997;3.19304109
998;1.66578984
999;0.939163268
1000;1.33147562
1001;3.58735418
1002;10.5623016
1003;13.1444931
1004;12.1825523
1005;11.858242
1006;4.24366856
1007;0
1008;0
1009;0
1010;0
1011;0
1012;0
1013;0
1014;6.11020947
1015;11.4502077
1016;13.0162096
1017;12.9462099
1018;10.1652079
1019;7.41220808
1020;5.05420876
1021;3.87920856
1022;2.3752079
1023;1.6632086
1024;2.12020779
1025;4.49220848
1026;11.7352085
1027;14.562211
1028;13.6812096
1029;13.35221
1030;5.62520981
1031;0
1032;0
1033;0
1034;0
1035;0
1036;0
1037;0
1038;6.27975655
1039;13.5850344
1040;13.617034
1041;13.5258055
1042;9.53155327
1043;6.82438374
1044;4.8697567
1045;5.06152821
1046;4.75175667
1047;4.45998812
1048;4.49098825
1049;5.57729959
1050;9.99409485
1051;10.3320951
1052;9.00423908
1053;8.49869633
1054;3.31681895
1055;0
1056;0
1057;0
1058;0
1059;0
1060;0
1061;0
1062;6.5646472
1063;13.9627123
1064;14.1687117
1065;13.9550371
1066;9.93316555
1067;7.18658304
1068;5.1446476
1069;5.26997042
1070;4.91464758
1071;4.57232618
1072;4.62232637
1073;5.64129162
1074;10.1898088
1075;10.5488091
1076;9.19819641
1077;8.74155045
1078;3.47974539
1079;0
1080;0
1081;0
1082;0
1083;0
1084;0
1085;0
1086;5.6139555
1087;10.5394869
1088;11.9506416
1089;11.8766422
1090;9.23687458
1091;6.57910872
1092;4.23388004
1093;3.09926653
1094;1.5941143
1095;0.787038684
1096;0.985575557
1097;3.07880449
1098;9.83502579
1099;12.3067932
1100;11.301177
1101;10.9426422
1102;3.46534324
1103;0
1104;0
1105;0
1106;0
1107;0
1108;0
1109;0
1110;2.27701378
1111;6.57786894
1112;7.87911272
1113;7.84911299
1114;5.51068544
1115;3.16825771
1116;1.21689177
1117;0.179709226
1118;0
1119;0
1120;0
1121;0.751769722
1122;6.82492924
1123;9.11735725
1124;8.2971735
1125;8.1861124
1126;2.08783126
1127;0
1128;0
1129;0
1130;0
1131;0
1132;0
1133;0
1134;6.6367569
1135;12.0404882
1136;13.57584
1137;13.5578403
1138;10.7929735
1139;8.08610916
1140;5.7490797
1141;4.54356718
1142;3.02821398
1143;2.24453807
1144;2.70237565
1145;5.08940268
1146;12.4803276
1147;15.211194
1148;14.1176777
1149;13.7478409
1150;5.66724396
1151;0
1152;0
1153;0
1154;0
1155;0
1156;0
1157;0
1158;8.42934513
1159;14.0671663
1160;16.3948326
1161;16.1468334
1162;12.997921
1163;9.68900967
1164;6.98051214
1165;5.57126522
1166;3.86360073
1167;3.00276852
1168;3.40918422
1169;5.91568089
1170;13.803586
1171;16.8444977
1172;15.7512465
1173;15.593833
1174;7.10209656
1175;0
1176;0
1177;0
1178;0
1179;0
1180;0
1181;0
1182;10.7472696
1183;16.9588089
1184;18.6832485
1185;18.7272491
1186;15.0304785
1187;11.6837072
1188;8.79804707
1189;7.22471905
1190;5.30827856
1191;4.3500576
1192;4.79616785
1193;7.48282719
1194;15.9489202
1195;19.15769
1196;18.2373562
1197;17.7632484
1198;8.37993908
1199;0
1200;0
1201;0
1202;0
1203;0
1204;0
1205;0
1206;9.49431515
1207;15.5140877
1208;17.2168827
1209;17.1108818
1210;14.1139936
1211;10.5431089
1212;7.82891846
1213;6.44882727
1214;4.6580348
1215;3.82863784
1216;4.31733513
1217;6.98352575
1218;15.3467855
1219;18.5666733
1220;17.5315781
1221;17.278883
1222;8.31222248
1223;0
1224;0
1225;0
1226;0
1227;0
1228;0
1229;0
1230;8.2335701
1231;13.7750292
1232;15.3000174
1233;15.0720167
1234;11.8682861
1235;8.78855801
1236;6.23307562
1237;4.88333607
1238;3.24634814
1239;2.44985414
1240;2.8730998
1241;5.40658045
1242;13.1862736
1243;16.2190056
1244;15.1912632
1245;14.9160175
1246;6.69582891
1247;0
1248;0
1249;0
1250;0
1251;0
1252;0
1253;0
1254;8.14830208
1255;13.655549
1256;15.1939068
1257;15.0959063
1258;12.1702795
1259;9.2206583
1260;6.66412449
1261;5.30085754
1262;3.62050152
1263;2.77032351
1264;3.17541146
1265;5.63794661
1266;13.4026375
1267;16.3682613
1268;15.215992
1269;14.8999062
1270;6.62703562
1271;0
1272;0
1273;0
1274;0
1275;0
1276;0
1277;0
1278;9.25730515
1279;15.1967669
1280;16.8534756
1281;16.7774754
1282;13.6537399
1283;10.5380096
1284;7.74895191
1285;6.28092575
1286;4.50222015
1287;3.54486871
1288;3.95654345
1289;6.55460024
1290;14.7344446
1291;17.8211784
1292;16.6791477
1293;16.4414749
1294;7.66027689
1295;0
1296;0
1297;0
1298;0
1299;0
1300;0
1301;0
1302;6.3733182
1303;13.7940035
1304;13.8460035
1305;14.0932312
1306;10.3785028
1307;7.7566824
1308;5.6353178
1309;5.70854712
1310;5.26131821
1311;4.90209293
1312;4.95609283
1313;6.00777197
1314;10.4549589
1315;10.7649584
1316;9.46881962
1317;9.0143652
1318;3.81627274
1319;0
1320;0
1321;0
1322;0
1323;0
1324;0
1325;0
1326;11.1707296
1327;20.4457893
1328;20.5207882
1329;20.8431129
1330;16.3552437
1331;13.2646656
1332;10.83673
1333;11.0430508
1334;10.5687304
1335;10.1544065
1336;10.1844063
1337;11.4153748
1338;16.8578873
1339;17.0838871
1340;15.2442751
1341;14.5546312
1342;7.93782902
1343;0
1344;0
1345;0
1346;0
1347;0
1348;0
1349;1.28118789
1350;14.9219618
1351;22.307148
1352;24.0100002
1353;23.6399994
1354;20.2462502
1355;16.5721588
1356;13.3693647
1357;11.8054686
1358;9.59427166
1359;8.5036726
1360;8.97097206
1361;12.1287661
1362;22.1754475
1363;23.3600006
1364;23.4599991
1365;23.5139999
1366;13.1540661
1367;0.394590259
1368;0.521744609
1369;0.695744574
1370;0.733744502
1371;0.739744484
1372;0.721744597
1373;2.3563683
1374;16.6137753
1375;24.357687
1376;24.3139992
1377;23.8910007
1378;21.7940636
1379;17.9356079
1380;14.5833616
1381;12.9087381
1382;10.7159033
1383;9.55548668
1384;10.0536957
1385;13.3749447
1386;23.3600006
1387;23.4599991
1388;23.3659992
1389;23.3880005
1390;14.0941534
1391;0.999951839
1392;0.766111076
1393;0.553664505
1394;0.613664687
1395;0.707664549
1396;1.1921109
1397;2.45744824
1398;15.8677235
1399;25.1700001
1400;25.0279999
1401;24.2740002
1402;19.9979687
1403;16.5254021
1404;13.9277229
1405;14.1141701
1406;13.571723
1407;13.0852785
1408;13.0932789
1409;14.8186159
1410;20.7048626
1411;20.7048626
1412;18.6026325
1413;17.7647381
1414;10.2217093
1415;0
1416;0
1417;0
1418;0
1419;0
1420;0
1421;0.0577681363
1422;12.4831972
1423;19.196888
1424;21.1508007
1425;20.9938011
1426;17.5629559
1427;14.1511087
1428;11.0412397
1429;9.29530716
1430;7.11139345
1431;5.93543959
1432;6.3394146
1433;9.34828377
1434;18.6208668
1435;22.1407127
1436;21.016777
1437;20.6408005
1438;10.7152624
1439;0
1440;0
1441;0
1442;0
1443;0
1444;0
1445;0
1446;9.8086462
1447;15.6753874
1448;17.3516006
1449;17.2516022
1450;14.1022291
1451;10.7388582
1452;7.78053999
1453;6.12338161
1454;4.20916939
1455;3.18606424
1456;3.58411527
1457;6.12543583
1458;14.2604418
1459;17.3618145
1460;16.6826515
1461;16.3056011
1462;7.46348763
1463;0
1464;0
1465;0
1466;0
1467;0
1468;0
1469;0
1470;6.05352688
1471;13.0365295
1472;12.9825296
1473;12.9916897
1474;8.5337677
1475;5.64848661
1476;3.75352669
1477;3.75968647
1478;3.29352665
1479;2.976367
1480;2.976367
1481;3.96984625
1482;8.12808895
1483;8.42608929
1484;7.18028831
1485;6.70596886
1486;1.74108672
1487;0
1488;0
1489;0
1490;0
1491;0
1492;0
1493;0
1494;0
1495;4.47669172
1496;4.41269159
1497;4.10011578
1498;1.30104232
1499;0
1500;0
1501;0
1502;0
1503;0
1504;0
1505;0
1506;1.64288831
1507;1.79688835
1508;1.08477426
1509;0.791928232
1510;0
1511;0
1512;0
1513;0
1514;0
1515;0
1516;0
1517;0
1518;0
1519;4.30614853
1520;4.26814842
1521;3.91390014
1522;1.14790571
1523;0
1524;0
1525;0
1526;0
1527;0
1528;0
1529;0
1530;1.25040448
1531;1.5344044
1532;0.809657931
1533;0.626158297
1534;0
1535;0
1536;0
1537;0
1538;0
1539;0
1540;0
1541;0
1542;3.48116469
1543;7.66736794
1544;8.60371399
1545;7.93371391
1546;5.37661076
1547;2.8775084
1548;0.839992702
1549;0
1550;0
1551;0
1552;0
1553;0.23082073
1554;6.00495434
1555;8.38605785
1556;7.86429834
1557;7.71171379
1558;1.50040627
1559;0
1560;0
1561;0
1562;0
1563;0
1564;0
1565;0
1566;1.2317766
1567;4.98868799
1568;5.7655201
1569;5.35951996
1570;3.19006443
1571;1.16260874
1572;0
1573;0
1574;0
1575;0
1576;0
1577;0
1578;4.34889746
1579;6.5963521
1580;5.92672777
1581;5.70752001
1582;0.0851530135
1583;0
1584;0
1585;0
1586;0
1587;0
1588;0
1589;0
1590;0
1591;2.90258622
1592;2.92058635
1593;2.81095982
1594;0.337491304
1595;0
1596;0
1597;0
1598;0
1599;0
1600;0
1601;0
1602;0.431236356
1603;0.68023634
1604;0
1605;0
1606;0
1607;0
1608;0
1609;0
1610;0
1611;0
1612;0
1613;0
1614;0
1615;3.18172765
1616;3.92369699
1617;3.65669703
1618;1.75425208
1619;0
1620;0
1621;0
1622;0
1623;0
1624;0
1625;0
1626;2.5462203
1627;4.35766602
1628;3.62418747
1629;3.49169683
1630;0
1631;0
1632;0
1633;0
1634;0
1635;0
1636;0
1637;0
1638;0
1639;1.83176744
1640;2.47307205
1641;2.47307205
1642;0.829790294
1643;0
1644;0
1645;0
1646;0
1647;0
1648;0
1649;0
1650;1.78209412
1651;3.39437675
1652;2.70339775
1653;2.47307205
1654;0
1655;0
1656;0
1657;0
1658;0
1659;0
1660;0
1661;0
1662;0
1663;0
1664;0.232625082
1665;0
1666;0
1667;0
1668;0
1669;0
1670;0
1671;0
1672;0
1673;0
1674;0
1675;0.522901058
1676;0
1677;0
1678;0
1679;0
1680;0
1681;0
1682;0
1683;0
1684;0
1685;0
1686;0
1687;0
1688;0
1689;0
1690;0
1691;0
1692;0
1693;0
1694;0
1695;0
1696;0
1697;0
1698;0
1699;0
1700;0
1701;0
1702;0
1703;0
1704;0
1705;0
1706;0
1707;0
1708;0
1709;0
1710;0
1711;1.29422832
1712;2.11349702
1713;1.94849706
1714;0.333027929
1715;0
1716;0
1717;0
1718;0
1719;0
1720;0
1721;0
1722;1.45129478
1723;3.06176496
1724;2.40756273
1725;2.23049712
1726;0
1727;0
1728;0
1729;0
1730;0
1731;0
1732;0
1733;0
1734;0
1735;1.99974453
1736;1.8077445
1737;1.73094654
1738;0
1739;0
1740;0
1741;0
1742;0
1743;0
1744;0
1745;0
1746;0
1747;0
1748;0
1749;0
1750;0
1751;0
1752;0
1753;0
1754;0
1755;0
1756;0
1757;0
1758;0
1759;2.5660274
1760;3.21161771
1761;2.90961766
1762;0.984337032
1763;0
1764;0
1765;0
1766;0
1767;0
1768;0
1769;0
1770;1.5949254
1771;3.24020505
1772;2.61051273
1773;2.50761771
1774;0
1775;0
1776;0
1777;0
1778;0
1779;0
1780;0
1781;0
1782;0
1783;1.14878798
1784;1.69376147
1785;1.33776152
1786;0
1787;0
1788;0
1789;0
1790;0
1791;0
1792;0
1793;0
1794;0.518031597
1795;2.09673309
1796;1.64900315
1797;1.25176156
1798;0
1799;0
1800;0
1801;0
1802;0
1803;0
1804;0
1805;0
1806;3.71773314
1807;8.35284615
1808;9.69702435
1809;9.66702461
1810;7.23196697
1811;4.88490963
1812;2.83114409
1813;1.81326282
1814;0.398086637
1815;0
1816;0.160791621
1817;2.28455591
1818;8.70914078
1819;11.1662025
1820;10.5243177
1821;10.3190241
1822;3.48285103
1823;0
1824;0
1825;0
1826;0
1827;0
1828;0
1829;0
1830;8.60438824
1831;14.3600073
1832;15.9713287
1833;15.8773289
1834;12.8285179
1835;9.69570732
1836;7.09072781
1837;5.73923922
1838;4.06591845
1839;3.29625845
1840;3.76008749
1841;6.26706791
1842;14.2018404
1843;17.2506504
1844;16.2871571
1845;15.9473286
1846;7.31489897
1847;0
1848;0
1849;0
1850;0
1851;0
1852;0
1853;0
1854;7.99921799
1855;13.6103086
1856;15.0680504
1857;14.9560509
1858;11.9075031
1859;8.91095829
1860;6.35734844
1861;5.05754471
1862;3.44180298
1863;2.65993309
1864;3.10786724
1865;5.5394783
1866;13.1762428
1867;16.0997906
1868;15.1149826
1869;14.84305
1870;6.52541256
1871;0
1872;0
1873;0
1874;0
1875;0
1876;0
1877;0
1878;6.52093649
1879;13.9751654
1880;13.7611656
1881;13.8598175
1882;9.93402576
1883;7.27683401
1884;5.29093647
1885;5.47158623
1886;5.12693644
1887;4.89429045
1888;4.97029018
1889;5.91823626
1890;10.2233257
1891;10.4733257
1892;9.31608009
1893;8.84477997
1894;3.46109557
1895;0
1896;0
1897;0
1898;0
1899;0
1900;0
1901;0
1902;3.73721313
1903;10.1183386
1904;10.1483393
1905;10.2457457
1906;6.84088421
1907;4.53764343
1908;2.82921314
1909;2.92861867
1910;2.60921311
1911;2.32980847
1912;2.33180857
1913;3.15702415
1914;6.8996954
1915;7.18169546
1916;5.86266851
1917;5.45385933
1918;1.2015686
1919;0
1920;0
1921;0
1922;0
1923;0
1924;0
1925;0
1926;6.12360048
1927;10.9433279
1928;11.8155365
1929;11.2715359
1930;8.55967331
1931;5.82980824
1932;3.67849636
1933;2.64484119
1934;1.33063233
1935;0.776528537
1936;1.16407907
1937;3.3243916
1938;10.1798811
1939;12.7437458
1940;11.8100863
1941;11.4735365
1942;4.06194496
1943;0
1944;0
1945;0
1946;0
1947;0
1948;0
1949;0
1950;3.2542963
1951;7.58988857
1952;8.71720028
1953;8.58920097
1954;6.2644043
1955;3.90760875
1956;1.8686403
1957;0.826157033
1958;0
1959;0
1960;0
1961;1.06898415
1962;7.09571648
1963;9.52851295
1964;8.73602676
1965;8.51220036
1966;2.03381324
1967;0
1968;0
1969;0
1970;0
1971;0
1972;0
1973;0
1974;0
1975;3.58026052
1976;3.20626044
1977;3.02714801
1978;0.550507128
1979;0
1980;0
1981;0
1982;0
1983;0
1984;0
1985;0
1986;0.562280953
1987;0.750280917
1988;0.281845987
1989;0.133072212
1990;0
1991;0
1992;0
1993;0
1994;0
1995;0
1996;0
1997;0
1998;0
1999;3.40129805
2000;2.62729788
2001;2.09276581
2002;0
2003;0
2004;0
2005;0
2006;0
2007;0
2008;0
2009;0
2010;0
2011;0.0780897886
2012;0
2013;0
2014;0
2015;0
2016;0
2017;0
2018;0
2019;0
2020;0
2021;0
2022;0.68082422
2023;4.23396873
2024;4.84115314
2025;4.31315327
2026;2.31258011
2027;0.522008002
2028;0
2029;0
2030;0
2031;0
2032;0
2033;0
2034;3.33576488
2035;5.27633715
2036;4.6689477
2037;4.62915325
2038;0
2039;0
2040;0
2041;0
2042;0
2043;0
2044;0
2045;0
2046;0.118464358
2047;3.25536799
2048;3.34891295
2049;2.81891298
2050;0.963960707
2051;0
2052;0
2053;0
2054;0
2055;0
2056;0
2057;0
2058;1.86750376
2059;3.51745701
2060;2.87704802
2061;2.80391312
2062;0
2063;0
2064;0
2065;0
2066;0
2067;0
2068;0
2069;0
2070;0
2071;0
2072;0
2073;0
2074;0
2075;0
2076;0
2077;0
2078;0
2079;0
2080;0
2081;0
2082;0
2083;0.55460453
2084;0
2085;0
2086;0
2087;0
2088;0
2089;0
2090;0
2091;0
2092;0
2093;0
2094;0
2095;1.19284809
2096;1.83782482
2097;1.59382474
2098;0
2099;0
2100;0
2101;0
2102;0
2103;0
2104;0
2105;0
2106;0.61984235
2107;2.14180136
2108;1.82581806
2109;2.01882482
2110;0
2111;0
2112;0
2113;0
2114;0
2115;0
2116;0
2117;0
2118;0
2119;1.72671974
2120;1.57071972
2121;1.14998329
2122;0
2123;0
2124;0
2125;0
2126;0
2127;0
2128;0
2129;0
2130;0
2131;0
2132;0
2133;0
2134;0
2135;0
2136;0
2137;0
2138;0
2139;0
2140;0
2141;0
2142;0
2143;0.626998723
2144;0.606998742
2145;0.372215837
2146;0
2147;0
2148;0
2149;0
2150;0
2151;0
2152;0
2153;0
2154;0
2155;0
2156;0
2157;0
2158;0
2159;0
2160;0
2161;0
2162;0
2163;0
2164;0
2165;0
2166;0
2167;3.10890746
2168;4.13368845
2169;4.16868877
2170;1.9110738
2171;0.107457906
2172;0
2173;0
2174;0
2175;0
2176;0
2177;0
2178;2.67385387
2179;4.59946966
2180;3.93763328
2181;3.82668877
2182;0
2183;0
2184;0
2185;0
2186;0
2187;0
2188;0
2189;0
2190;0
2191;0
2192;0
2193;0
2194;0
2195;0
2196;0
2197;0
2198;0
2199;0
2200;0
2201;0
2202;0
2203;0
2204;0
2205;0
2206;0
2207;0
2208;0
2209;0
2210;0
2211;0
2212;0
2213;0
2214;0
2215;0
2216;0
2217;0
2218;0
2219;0
2220;0
2221;0
2222;0
2223;0
2224;0
2225;0
2226;0
2227;0
2228;0
2229;0
2230;0
2231;0
2232;0
2233;0
2234;0
2235;0
2236;0
2237;0
2238;0
2239;0
2240;0
2241;0
2242;0
2243;0
2244;0
2245;0
2246;0
2247;0
2248;0
2249;0
2250;0
2251;0
2252;0
2253;0
2254;0
2255;0
2256;0
2257;0
2258;0
2259;0
2260;0
2261;0
2262;0
2263;0
2264;0
2265;0
2266;0
2267;0
2268;0
2269;0
2270;0
2271;0
2272;0
2273;0
2274;0
2275;0
2276;0
2277;0
2278;0
2279;0
2280;0
2281;0
2282;0
2283;0
2284;0
2285;0
2286;0
2287;0
2288;0
2289;0
2290;0
2291;0
2292;0
2293;0
2294;0
2295;0
2296;0
2297;0
2298;0
2299;0
2300;0
2301;0
2302;0
2303;0
2304;0
2305;0
2306;0
2307;0
2308;0
2309;0
2310;0
2311;0
2312;0
2313;0
2314;0
2315;0
2316;0
2317;0
2318;0
2319;0
2320;0
2321;0
2322;0
2323;0
2324;0
2325;0
2326;0
2327;0
2328;0
2329;0
2330;0
2331;0
2332;0
2333;0
2334;0
2335;0
2336;0
2337;0
2338;0
2339;0
2340;0
2341;0
2342;0
2343;0
2344;0
2345;0
2346;0
2347;0
2348;0
2349;0
2350;0
2351;0
2352;0
2353;0
2354;0
2355;0
2356;0
2357;0
2358;0
2359;0
2360;0
2361;0
2362;0
2363;0
2364;0
2365;0
2366;0
2367;0
2368;0
2369;0
2370;0
2371;0
2372;0
2373;0
2374;0
2375;0
2376;0
2377;0
2378;0
2379;0
2380;0
2381;0
2382;0
2383;0
2384;0
2385;0
2386;0
2387;0
2388;0
2389;0
2390;0
2391;0
2392;0
2393;0
2394;0
2395;0
2396;0
2397;0
2398;0
2399;0
2400;0
2401;0
2402;0
2403;0
2404;0
2405;0
2406;0
2407;0
2408;0
2409;0
2410;0
2411;0
2412;0
2413;0
2414;0
2415;0
2416;0
2417;0
2418;0
2419;0
2420;0
2421;0
2422;0
2423;0
2424;0
2425;0
2426;0
2427;0
2428;0
2429;0
2430;0
2431;0
2432;0
2433;0
2434;0
2435;0
2436;0
2437;0
2438;0
2439;0
2440;0
2441;0
2442;0
2443;0
2444;0
2445;0
2446;0
2447;0
2448;0
2449;0
2450;0
2451;0
2452;0
2453;0
2454;0
2455;0
2456;0
2457;0
2458;0
2459;0
2460;0
2461;0
2462;0
2463;0
2464;0
2465;0
2466;0
2467;0
2468;0
2469;0
2470;0
2471;0
2472;0
2473;0
2474;0
2475;0
2476;0
2477;0
2478;0
2479;0
2480;0
2481;0
2482;0
2483;0
2484;0
2485;0
2486;0
2487;0
2488;0
2489;0
2490;0
2491;0
2492;0
2493;0
2494;0
2495;0
2496;0
2497;0
2498;0
2499;0
2500;0
2501;0
2502;0
2503;0
2504;0
2505;0
2506;0
2507;0
2508;0
2509;0
2510;0
2511;0
2512;0
2513;0
2514;0
2515;0
2516;0
2517;0
2518;0
2519;0
2520;0
2521;0
2522;0
2523;0
2524;0
2525;0
2526;0
2527;0
2528;0
2529;0
2530;0
2531;0
2532;0
2533;0
2534;0
2535;0
2536;0
2537;0
2538;0
2539;0
2540;0
2541;0
2542;0
2543;0
2544;0
2545;0
2546;0
2547;0
2548;0
2549;0
2550;0
2551;0
2552;0
2553;0
2554;0
2555;0
2556;0
2557;0
2558;0
2559;0
2560;0
2561;0
2562;0
2563;0
2564;0
2565;0
2566;0
2567;0
2568;0
2569;0
2570;0
2571;0
2572;0
2573;0
2574;0
2575;0
2576;0
2577;0
2578;0
2579;0
2580;0
2581;0
2582;0
2583;0
2584;0
2585;0
2586;0
2587;0
2588;0
2589;0
2590;0
2591;0
2592;0
2593;0
2594;0
2595;0
2596;0
2597;0
2598;0
2599;0
2600;0
2601;0
2602;0
2603;0
2604;0
2605;0
2606;0
2607;0
2608;0
2609;0
2610;0
2611;0
2612;0
2613;0
2614;0
2615;0
2616;0
2617;0
2618;0
2619;0
2620;0
2621;0
2622;0
2623;0
2624;0
2625;0
2626;0
2627;0
2628;0
2629;0
2630;0
2631;0
2632;0
2633;0
2634;0
2635;0
2636;0
2637;0
2638;0
2639;0
2640;0
2641;0
2642;0
2643;0
2644;0
2645;0
2646;0
2647;0
2648;0
2649;0
2650;0
2651;0
2652;0
2653;0
2654;0
2655;0
2656;0
2657;0
2658;0
2659;0
2660;0
2661;0
2662;0
2663;0
2664;0
2665;0
2666;0
2667;0
2668;0
2669;0
2670;0
2671;0
2672;0
2673;0
2674;0
2675;0
2676;0
2677;0
2678;0
2679;0
2680;0
2681;0
2682;0
2683;0
2684;0
2685;0
2686;0
2687;0
2688;0
2689;0
2690;0
2691;0
2692;0
2693;0
2694;0
2695;0
2696;0
2697;0
2698;0
2699;0
2700;0
2701;0
2702;0
2703;0
2704;0
2705;0
2706;0
2707;0
2708;0
2709;0
2710;0
2711;0
2712;0
2713;0
2714;0
2715;0
2716;0
2717;0
2718;0
2719;0
2720;0
2721;0
2722;0
2723;0
2724;0
2725;0
2726;0
2727;0
2728;0
2729;0
2730;0
2731;0
2732;0
2733;0
2734;0
2735;0
2736;0
2737;0
2738;0
2739;0
2740;0
2741;0
2742;0
2743;0
2744;0
2745;0
2746;0
2747;0
2748;0
2749;0
2750;0
2751;0
2752;0
2753;0
2754;0
2755;0
2756;0
2757;0
2758;0
2759;0
2760;0
2761;0
2762;0
2763;0
2764;0
2765;0
2766;0
2767;0
2768;0
2769;0
2770;0
2771;0
2772;0
2773;0
2774;0
2775;0
2776;0
2777;0
2778;0
2779;0
2780;0
2781;0
2782;0
2783;0
2784;0
2785;0
2786;0
2787;0
2788;0
2789;0
2790;0
2791;0
2792;0
2793;0
2794;0
2795;0
2796;0
2797;0
2798;0
2799;0
2800;0
2801;0
2802;0
2803;0
2804;0
2805;0
2806;0
2807;0
2808;0
2809;0
2810;0
2811;0
2812;0
2813;0
2814;0
2815;0
2816;0
2817;0
2818;0
2819;0
2820;0
2821;0
2822;0
2823;0
2824;0
2825;0
2826;0
2827;0
2828;0
2829;0
2830;0
2831;0
2832;0
2833;0
2834;0
2835;0
2836;0
2837;0
2838;0
2839;0
2840;0
2841;0
2842;0
2843;0
2844;0
2845;0
2846;0
2847;0
2848;0
2849;0
2850;0
2851;0
2852;0
2853;0
2854;0
2855;0
2856;0
2857;0
2858;0
2859;0
2860;0
2861;0
2862;0
2863;0
2864;0
2865;0
2866;0
2867;0
2868;0
2869;0
2870;0
2871;0
2872;0
2873;0
2874;0
2875;0
2876;0
2877;0
2878;0
2879;0
2880;0
2881;0
2882;0
2883;0
2884;0
2885;0
2886;0
2887;0
2888;0
2889;0
2890;0
2891;0
2892;0
2893;0
2894;0
2895;0
2896;0
2897;0
2898;0
2899;0
2900;0
2901;0
2902;0
2903;0
2904;0
2905;0
2906;0
2907;0
2908;0
2909;0
2910;0
2911;0
2912;0
2913;0
2914;0
2915;0
2916;0
2917;0
2918;0
2919;0
2920;0
2921;0
2922;0
2923;0
2924;0
2925;0
2926;0
2927;0
2928;0
2929;0
2930;0
2931;0
2932;0
2933;0
2934;0
2935;0
2936;0
2937;0
2938;0
2939;0
2940;0
2941;0
2942;0
2943;0
2944;0
2945;0
2946;0
2947;0
2948;0
2949;0
2950;0
2951;0
2952;0
2953;0
2954;0
2955;0
2956;0
2957;0
2958;0
2959;0
2960;0
2961;0
2962;0
2963;0
2964;0
2965;0
2966;0
2967;0
2968;0
2969;0
2970;0
2971;0
2972;0
2973;0
2974;0
2975;0
2976;0
2977;0
2978;0
2979;0
2980;0
2981;0
2982;0
2983;0
2984;0
2985;0
2986;0
2987;0
2988;0
2989;0
2990;0
2991;0
2992;0
2993;0
2994;0
2995;0
2996;0
2997;0
2998;0
2999;0
3000;0
3001;0
3002;0
3003;0
3004;0
3005;0
3006;0
3007;0
3008;0
3009;0
3010;0
3011;0
3012;0
3013;0
3014;0
3015;0
3016;0
3017;0
3018;0
3019;0
3020;0
3021;0
3022;0
3023;0
3024;0
3025;0
3026;0
3027;0
3028;0
3029;0
3030;0
3031;0
3032;0
3033;0
3034;0
3035;0
3036;0
3037;0
3038;0
3039;0
3040;0
3041;0
3042;0
3043;0
3044;0
3045;0
3046;0
3047;0
3048;0
3049;0
3050;0
3051;0
3052;0
3053;0
3054;0
3055;0
3056;0
3057;0
3058;0
3059;0
3060;0
3061;0
3062;0
3063;0
3064;0
3065;0
3066;0
3067;0
3068;0
3069;0
3070;0
3071;0
3072;0
3073;0
3074;0
3075;0
3076;0
3077;0
3078;0
3079;0
3080;0
3081;0
3082;0
3083;0
3084;0
3085;0
3086;0
3087;0
3088;0
3089;0
3090;0
3091;0
3092;0
3093;0
3094;0
3095;0
3096;0
3097;0
3098;0
3099;0
3100;0
3101;0
3102;0
3103;0
3104;0
3105;0
3106;0
3107;0
3108;0
3109;0
3110;0
3111;0
3112;0
3113;0
3114;0
3115;0
3116;0
3117;0
3118;0
3119;0
3120;0
3121;0
3122;0
3123;0
3124;0
3125;0
3126;0
3127;0
3128;0
3129;0
3130;0
3131;0
3132;0
3133;0
3134;0
3135;0
3136;0
3137;0
3138;0
3139;0
3140;0
3141;0
3142;0
3143;0
3144;0
3145;0
3146;0
3147;0
3148;0
3149;0
3150;0
3151;0
3152;0
3153;0
3154;0
3155;0
3156;0
3157;0
3158;0
3159;0
3160;0
3161;0
3162;0
3163;0
3164;0
3165;0
3166;0
3167;0
3168;0
3169;0
3170;0
3171;0
3172;0
3173;0
3174;0
3175;0
3176;0
3177;0
3178;0
3179;0
3180;0
3181;0
3182;0
3183;0
3184;0
3185;0
3186;0
3187;0
3188;0
3189;0
3190;0
3191;0
3192;0
3193;0
3194;0
3195;0
3196;0
3197;0
3198;0
3199;0
3200;0
3201;0
3202;0
3203;0
3204;0
3205;0
3206;0
3207;0
3208;0
3209;0
3210;0
3211;0
3212;0
3213;0
3214;0
3215;0
3216;0
3217;0
3218;0
3219;0
3220;0
3221;0
3222;0
3223;0
3224;0
3225;0
3226;0
3227;0
3228;0
3229;0
3230;0
3231;0
3232;0
3233;0
3234;0
3235;0
3236;0
3237;0
3238;0
3239;0
3240;0
3241;0
3242;0
3243;0
3244;0
3245;0
3246;0
3247;0.76106739
3248;1.48579288
3249;1.52779293
3250;0
3251;0
3252;0
3253;0
3254;0
3255;0
3256;0
3257;0
3258;0.342249662
3259;1.79251647
3260;1.22897327
3261;1.08379281
3262;0
3263;0
3264;0
3265;0
3266;0
3267;0
3268;0
3269;0
3270;0
3271;0
3272;0
3273;0
3274;0
3275;0
3276;0
3277;0
3278;0
3279;0
3280;0
3281;0
3282;0
3283;0
3284;0
3285;0
3286;0
3287;0
3288;0
3289;0
3290;0
3291;0
3292;0
3293;0
3294;0
3295;0
3296;0
3297;0
3298;0
3299;0
3300;0
3301;0
3302;0
3303;0
3304;0
3305;0
3306;0
3307;0
3308;0
3309;0
3310;0
3311;0
3312;0
3313;0
3314;0
3315;0
3316;0
3317;0
3318;0
3319;0
3320;0
3321;0
3322;0
3323;0
3324;0
3325;0
3326;0
3327;0
3328;0
3329;0
3330;0
3331;0
3332;0
3333;0
3334;0
3335;0
3336;0
3337;0
3338;0
3339;0
3340;0
3341;0
3342;0
3343;0
3344;0
3345;0
3346;0
3347;0
3348;0
3349;0
3350;0
3351;0
3352;0
3353;0
3354;0
3355;0
3356;0
3357;0
3358;0
3359;0
3360;0
3361;0
3362;0
3363;0
3364;0
3365;0
3366;0
3367;0
3368;0
3369;0
3370;0
3371;0
3372;0
3373;0
3374;0
3375;0
3376;0
3377;0
3378;0
3379;0
3380;0
3381;0
3382;0
3383;0
3384;0
3385;0
3386;0
3387;0
3388;0
3389;0
3390;0
3391;0
3392;0
3393;0
3394;0
3395;0
3396;0
3397;0
3398;0
3399;0
3400;0
3401;0
3402;0
3403;0
3404;0
3405;0
3406;0
3407;0
3408;0
3409;0
3410;0
3411;0
3412;0
3413;0
3414;0
3415;0
3416;0
3417;0
3418;0
3419;0
3420;0
3421;0
3422;0
3423;0
3424;0
3425;0
3426;0
3427;0
3428;0
3429;0
3430;0
3431;0
3432;0
3433;0
3434;0
3435;0
3436;0
3437;0
3438;0
3439;0
3440;0
3441;0
3442;0
3443;0
3444;0
3445;0
3446;0
3447;0
3448;0
3449;0
3450;0
3451;0
3452;0
3453;0
3454;0
3455;0
3456;0
3457;0
3458;0
3459;0
3460;0
3461;0
3462;0
3463;0
3464;0
3465;0
3466;0
3467;0
3468;0
3469;0
3470;0
3471;0
3472;0
3473;0
3474;0
3475;0
3476;0
3477;0
3478;0
3479;0
3480;0
3481;0
3482;0
3483;0
3484;0
3485;0
3486;0
3487;0
3488;0
3489;0
3490;0
3491;0
3492;0
3493;0
3494;0
3495;0
3496;0
3497;0
3498;0
3499;0
3500;0
3501;0
3502;0
3503;0
3504;0
3505;0
3506;0
3507;0
3508;0
3509;0
3510;0
3511;0
3512;0
3513;0
3514;0
3515;0
3516;0
3517;0
3518;0
3519;0
3520;0
3521;0
3522;0
3523;0
3524;0
3525;0
3526;0
3527;0
3528;0
3529;0
3530;0
3531;0
3532;0
3533;0
3534;0
3535;0
3536;0
3537;0
3538;0
3539;0
3540;0
3541;0
3542;0
3543;0
3544;0
3545;0
3546;0
3547;0
3548;0
3549;0
3550;0
3551;0
3552;0
3553;0
3554;0
3555;0
3556;0
3557;0
3558;0
3559;0
3560;0
3561;0
3562;0
3563;0
3564;0
3565;0
3566;0
3567;0
3568;0
3569;0
3570;0
3571;0
3572;0
3573;0
3574;0
3575;0
3576;0
3577;0
3578;0
3579;0
3580;0
3581;0
3582;0
3583;0
3584;0
3585;0
3586;0
3587;0
3588;0
3589;0
3590;0
3591;0
3592;0
3593;0
3594;0
3595;0
3596;0
3597;0
3598;0
3599;0
3600;0
3601;0
3602;0
3603;0
3604;0
3605;0
3606;0
3607;0
3608;0
3609;0
3610;0
3611;0
3612;0
3613;0
3614;0
3615;0
3616;0
3617;0
3618;0
3619;0
3620;0
3621;0
3622;0
3623;0
3624;0
3625;0
3626;0
3627;0
3628;0
3629;0
3630;0
3631;0
3632;0
3633;0
3634;0
3635;0
3636;0
3637;0
3638;0
3639;0
3640;0
3641;0
3642;0
3643;0
3644;0
3645;0
3646;0
3647;0
3648;0
3649;0
3650;0
3651;0
3652;0
3653;0
3654;0
3655;0
3656;0
3657;0
3658;0
3659;0
3660;0
3661;0
3662;0
3663;0
3664;0
3665;0
3666;0
3667;0
3668;0
3669;0
3670;0
3671;0
3672;0
3673;0
3674;0
3675;0
3676;0
3677;0
3678;0
3679;0
3680;0
3681;0
3682;0
3683;0
3684;0
3685;0
3686;0
3687;0
3688;0
3689;0
3690;0
3691;0
3692;0
3693;0
3694;0
3695;0
3696;0
3697;0
3698;0
3699;0
3700;0
3701;0
3702;0
3703;0
3704;0
3705;0
3706;0
3707;0
3708;0
3709;0
3710;0
3711;0
3712;0
3713;0
3714;0
3715;0
3716;0
3717;0
3718;0
3719;0
3720;0
3721;0
3722;0
3723;0
3724;0
3725;0
3726;0
3727;0
3728;0
3729;0
3730;0
3731;0
3732;0
3733;0
3734;0
3735;0
3736;0
3737;0
3738;0
3739;0
3740;0
3741;0
3742;0
3743;0
3744;0
3745;0
3746;0
3747;0
3748;0
3749;0
3750;0
3751;0
3752;0
3753;0
3754;0
3755;0
3756;0
3757;0
3758;0
3759;0
3760;0
3761;0
3762;0
3763;0
3764;0
3765;0
3766;0
3767;0
3768;0
3769;0
3770;0
3771;0
3772;0
3773;0
3774;0
3775;0
3776;0
3777;0
3778;0
3779;0
3780;0
3781;0
3782;0
3783;0
3784;0
3785;0
3786;0
3787;0
3788;0
3789;0
3790;0
3791;0
3792;0
3793;0
3794;0
3795;0
3796;0
3797;0
3798;0
3799;0
3800;0
3801;0
3802;0
3803;0
3804;0
3805;0
3806;0
3807;0
3808;0
3809;0
3810;0
3811;0
3812;0
3813;0
3814;0
3815;0
3816;0
3817;0
3818;0
3819;0
3820;0
3821;0
3822;0
3823;0
3824;0
3825;0
3826;0
3827;0
3828;0
3829;0
3830;0
3831;0
3832;0
3833;0
3834;0
3835;0
3836;0
3837;0
3838;0
3839;0
3840;0
3841;0
3842;0
3843;0
3844;0
3845;0
3846;0
3847;0
3848;0
3849;0
3850;0
3851;0
3852;0
3853;0
3854;0
3855;0
3856;0
3857;0
3858;0
3859;0
3860;0
3861;0
3862;0
3863;0
3864;0
3865;0
3866;0
3867;0
3868;0
3869;0
3870;0
3871;0
3872;0
3873;0
3874;0
3875;0
3876;0
3877;0
3878;0
3879;0
3880;0
3881;0
3882;0
3883;0
3884;0
3885;0
3886;0
3887;0
3888;0
3889;0
3890;0
3891;0
3892;0
3893;0
3894;0
3895;0
3896;0
3897;0
3898;0
3899;0
3900;0
3901;0
3902;0
3903;0
3904;0
3905;0
3906;0
3907;0
3908;0
3909;0
3910;0
3911;0
3912;0
3913;0
3914;0
3915;0
3916;0
3917;0
3918;0
3919;0
3920;0
3921;0
3922;0
3923;0
3924;0
3925;0
3926;0
3927;0
3928;0
3929;0
3930;0
3931;0
3932;0
3933;0
3934;0
3935;0
3936;0
3937;0
3938;0
3939;0
3940;0
3941;0
3942;0
3943;0
3944;0
3945;0
3946;0
3947;0
3948;0
3949;0
3950;0
3951;0
3952;0
3953;0
3954;0
3955;0
3956;0
3957;0
3958;0
3959;0
3960;0
3961;0
3962;0
3963;0
3964;0
3965;0
3966;0
3967;0
3968;0
3969;0
3970;0
3971;0
3972;0
3973;0
3974;0
3975;0
3976;0
3977;0
3978;0
3979;0
3980;0
3981;0
3982;0
3983;0
3984;0
3985;0
3986;0
3987;0
3988;0
3989;0
3990;0
3991;0
3992;0
3993;0
3994;0
3995;0
3996;0
3997;0
3998;0
3999;0
4000;0
4001;0
4002;0
4003;0
4004;0
4005;0
4006;0
4007;0
4008;0
4009;0
4010;0
4011;0
4012;0
4013;0
4014;0
4015;0
4016;0
4017;0
4018;0
4019;0
4020;0
4021;0
4022;0
4023;0
4024;0
4025;0
4026;0
4027;0
4028;0
4029;0
4030;0
4031;0
4032;0
4033;0
4034;0
4035;0
4036;0
4037;0
4038;0
4039;0
4040;0
4041;0
4042;0
4043;0
4044;0
4045;0
4046;0
4047;0
4048;0
4049;0
4050;0
4051;0
4052;0
4053;0
4054;0
4055;0
4056;0
4057;0
4058;0
4059;0
4060;0
4061;0
4062;0
4063;0
4064;0
4065;0
4066;0
4067;0
4068;0
4069;0
4070;0
4071;0
4072;0
4073;0
4074;0
4075;0
4076;0
4077;0
4078;0
4079;0
4080;0
4081;0
4082;0
4083;0
4084;0
4085;0
4086;0
4087;0
4088;0
4089;0
4090;0
4091;0
4092;0
4093;0
4094;0
4095;0
4096;0
4097;0
4098;0
4099;0
4100;0
4101;0
4102;0
4103;0
4104;0
4105;0
4106;0
4107;0
4108;0
4109;0
4110;0
4111;0
4112;0
4113;0
4114;0
4115;0
4116;0
4117;0
4118;0
4119;0
4120;0
4121;0
4122;0
4123;0
4124;0
4125;0
4126;0
4127;0
4128;0
4129;0
4130;0
4131;0
4132;0
4133;0
4134;0
4135;0
4136;0
4137;0
4138;0
4139;0
4140;0
4141;0
4142;0
4143;0
4144;0
4145;0
4146;0
4147;0
4148;0
4149;0
4150;0
4151;0
4152;0
4153;0
4154;0
4155;0
4156;0
4157;0
4158;0
4159;0
4160;0
4161;0
4162;0
4163;0
4164;0
4165;0
4166;0
4167;0
4168;0
4169;0
4170;0
4171;0
4172;0
4173;0
4174;0
4175;0
4176;0
4177;0
4178;0
4179;0
4180;0
4181;0
4182;0
4183;0
4184;0
4185;0
4186;0
4187;0
4188;0
4189;0
4190;0
4191;0
4192;0
4193;0
4194;0
4195;0
4196;0
4197;0
4198;0
4199;0
4200;0
4201;0
4202;0
4203;0
4204;0
4205;0
4206;0
4207;0
4208;0
4209;0
4210;0
4211;0
4212;0
4213;0
4214;0
4215;0
4216;0
4217;0
4218;0
4219;0
4220;0
4221;0
4222;0
4223;0
4224;0
4225;0
4226;0
4227;0
4228;0
4229;0
4230;0
4231;0
4232;0
4233;0
4234;0
4235;0
4236;0
4237;0
4238;0
4239;0
4240;0
4241;0
4242;0
4243;0
4244;0
4245;0
4246;0
4247;0
4248;0
4249;0
4250;0
4251;0
4252;0
4253;0
4254;0
4255;0
4256;0
4257;0
4258;0
4259;0
4260;0
4261;0
4262;0
4263;0
4264;0
4265;0
4266;0
4267;0
4268;0
4269;0
4270;0
4271;0
4272;0
4273;0
4274;0
4275;0
4276;0
4277;0
4278;0
4279;0
4280;0
4281;0
4282;0
4283;0
4284;0
4285;0
4286;0
4287;0
4288;0
4289;0
4290;0
4291;0
4292;0
4293;0
4294;0
4295;0
4296;0
4297;0
4298;0
4299;0
4300;0
4301;0
4302;0
4303;0
4304;0
4305;0
4306;0
4307;0
4308;0
4309;0
4310;0
4311;0
4312;0
4313;0
4314;0
4315;0
4316;0
4317;0
4318;0
4319;0
4320;0
4321;0
4322;0
4323;0
4324;0
4325;0
4326;0
4327;0
4328;0
4329;0
4330;0
4331;0
4332;0
4333;0
4334;0
4335;0
4336;0
4337;0
4338;0
4339;0
4340;0
4341;0
4342;0
4343;0
4344;0
4345;0
4346;0
4347;0
4348;0
4349;0
4350;0
4351;0
4352;0
4353;0
4354;0
4355;0
4356;0
4357;0
4358;0
4359;0
4360;0
4361;0
4362;0
4363;0
4364;0
4365;0
4366;0
4367;0
4368;0
4369;0
4370;0
4371;0
4372;0
4373;0
4374;0
4375;0
4376;0
4377;0
4378;0
4379;0
4380;0
4381;0
4382;0
4383;0
4384;0
4385;0
4386;0
4387;0
4388;0
4389;0
4390;0
4391;0
4392;0
4393;0
4394;0
4395;0
4396;0
4397;0
4398;0
4399;0
4400;0
4401;0
4402;0
4403;0
4404;0
4405;0
4406;0
4407;0
4408;0
4409;0
4410;0
4411;0
4412;0
4413;0
4414;0
4415;0
4416;0
4417;0
4418;0
4419;0
4420;0
4421;0
4422;0
4423;0
4424;0
4425;0
4426;0
4427;0
4428;0
4429;0
4430;0
4431;0
4432;0
4433;0
4434;0
4435;0
4436;0
4437;0
4438;0
4439;0
4440;0
4441;0
4442;0
4443;0
4444;0
4445;0
4446;0
4447;0
4448;0
4449;0
4450;0
4451;0
4452;0
4453;0
4454;0
4455;0
4456;0
4457;0
4458;0
4459;0
4460;0
4461;0
4462;0
4463;0
4464;0
4465;0
4466;0
4467;0
4468;0
4469;0
4470;0
4471;0
4472;0
4473;0
4474;0
4475;0
4476;0
4477;0
4478;0
4479;0
4480;0
4481;0
4482;0
4483;0
4484;0
4485;0
4486;0
4487;0
4488;0
4489;0
4490;0
4491;0
4492;0
4493;0
4494;0
4495;0
4496;0
4497;0
4498;0
4499;0
4500;0
4501;0
4502;0
4503;0
4504;0
4505;0
4506;0
4507;0
4508;0
4509;0
4510;0
4511;0
4512;0
4513;0
4514;0
4515;0
4516;0
4517;0
4518;0
4519;0
4520;0
4521;0
4522;0
4523;0
4524;0
4525;0
4526;0
4527;0
4528;0
4529;0
4530;0
4531;0
4532;0
4533;0
4534;0
4535;0
4536;0
4537;0
4538;0
4539;0
4540;0
4541;0
4542;0
4543;0
4544;0
4545;0
4546;0
4547;0
4548;0
4549;0
4550;0
4551;0
4552;0
4553;0
4554;0
4555;0
4556;0
4557;0
4558;0
4559;0
4560;0
4561;0
4562;0
4563;0
4564;0
4565;0
4566;0
4567;0
4568;0
4569;0
4570;0
4571;0
4572;0
4573;0
4574;0
4575;0
4576;0
4577;0
4578;0
4579;0
4580;0
4581;0
4582;0
4583;0
4584;0
4585;0
4586;0
4587;0
4588;0
4589;0
4590;0
4591;0
4592;0
4593;0
4594;0
4595;0
4596;0
4597;0
4598;0
4599;0
4600;0
4601;0
4602;0
4603;0
4604;0
4605;0
4606;0
4607;0
4608;0
4609;0
4610;0
4611;0
4612;0
4613;0
4614;0
4615;0
4616;0
4617;0
4618;0
4619;0
4620;0
4621;0
4622;0
4623;0
4624;0
4625;0
4626;0
4627;0
4628;0
4629;0
4630;0
4631;0
4632;0
4633;0
4634;0
4635;0
4636;0
4637;0
4638;0
4639;0
4640;0
4641;0
4642;0
4643;0
4644;0
4645;0
4646;0
4647;0
4648;0
4649;0
4650;0
4651;0
4652;0
4653;0
4654;0
4655;0
4656;0
4657;0
4658;0
4659;0
4660;0
4661;0
4662;0
4663;0
4664;0
4665;0
4666;0
4667;0
4668;0
4669;0
4670;0
4671;0
4672;0
4673;0
4674;0
4675;0
4676;0
4677;0
4678;0
4679;0
4680;0
4681;0
4682;0
4683;0
4684;0
4685;0
4686;0
4687;0
4688;0
4689;0
4690;0
4691;0
4692;0
4693;0
4694;0
4695;0
4696;0
4697;0
4698;0
4699;0
4700;0
4701;0
4702;0
4703;0
4704;0
4705;0
4706;0
4707;0
4708;0
4709;0
4710;0
4711;0
4712;0
4713;0
4714;0
4715;0
4716;0
4717;0
4718;0
4719;0
4720;0
4721;0
4722;0
4723;0
4724;0
4725;0
4726;0
4727;0
4728;0
4729;0
4730;0
4731;0
4732;0
4733;0
4734;0
4735;0
4736;0
4737;0
4738;0
4739;0
4740;0
4741;0
4742;0
4743;0
4744;0
4745;0
4746;0
4747;0
4748;0
4749;0
4750;0
4751;0
4752;0
4753;0
4754;0
4755;0
4756;0
4757;0
4758;0
4759;0
4760;0
4761;0
4762;0
4763;0
4764;0
4765;0
4766;0
4767;0
4768;0
4769;0
4770;0
4771;0
4772;0
4773;0
4774;0
4775;0
4776;0
4777;0
4778;0
4779;0
4780;0
4781;0
4782;0
4783;0
4784;0
4785;0
4786;0
4787;0
4788;0
4789;0
4790;0
4791;0
4792;0
4793;0
4794;0
4795;0
4796;0
4797;0
4798;0
4799;0
4800;0
4801;0
4802;0
4803;0
4804;0
4805;0
4806;0
4807;0
4808;0
4809;0
4810;0
4811;0
4812;0
4813;0
4814;0
4815;0
4816;0
4817;0
4818;0
4819;0
4820;0
4821;0
4822;0
4823;0
4824;0
4825;0
4826;0
4827;0
4828;0
4829;0
4830;0
4831;0
4832;0
4833;0
4834;0
4835;0
4836;0
4837;0
4838;0
4839;0
4840;0
4841;0
4842;0
4843;0
4844;0
4845;0
4846;0
4847;0
4848;0
4849;0
4850;0
4851;0
4852;0
4853;0
4854;0
4855;0
4856;0
4857;0
4858;0
4859;0
4860;0
4861;0
4862;0
4863;0
4864;0
4865;0
4866;0
4867;0
4868;0
4869;0
4870;0
4871;0
4872;0
4873;0
4874;0
4875;0
4876;0
4877;0
4878;0
4879;0
4880;0
4881;0
4882;0
4883;0
4884;0
4885;0
4886;0
4887;0
4888;0
4889;0
4890;0
4891;0
4892;0
4893;0
4894;0
4895;0
4896;0
4897;0
4898;0
4899;0
4900;0
4901;0
4902;0
4903;0
4904;0
4905;0
4906;0
4907;0
4908;0
4909;0
4910;0
4911;0
4912;0
4913;0
4914;0
4915;0
4916;0
4917;0
4918;0
4919;0
4920;0
4921;0
4922;0
4923;0
4924;0
4925;0
4926;0
4927;0
4928;0
4929;0
4930;0
4931;0
4932;0
4933;0
4934;0
4935;0
4936;0
4937;0
4938;0
4939;0
4940;0
4941;0
4942;0
4943;0
4944;0
4945;0
4946;0
4947;0
4948;0
4949;0
4950;0
4951;0
4952;0
4953;0
4954;0
4955;0
4956;0
4957;0
4958;0
4959;0
4960;0
4961;0
4962;0
4963;0
4964;0
4965;0
4966;0
4967;0
4968;0
4969;0
4970;0
4971;0
4972;0
4973;0
4974;0
4975;0
4976;0
4977;0
4978;0
4979;0
4980;0
4981;0
4982;0
4983;0
4984;0
4985;0
4986;0
4987;0
4988;0
4989;0
4990;0
4991;0
4992;0
4993;0
4994;0
4995;0
4996;0
4997;0
4998;0
4999;0
5000;0
5001;0
5002;0
5003;0
5004;0
5005;0
5006;0
5007;0
5008;0
5009;0
5010;0
5011;0
5012;0
5013;0
5014;0
5015;0
5016;0
5017;0
5018;0
5019;0
5020;0
5021;0
5022;0
5023;0
5024;0
5025;0
5026;0
5027;0
5028;0
5029;0
5030;0
5031;0
5032;0
5033;0
5034;0
5035;0
5036;0
5037;0
5038;0
5039;0
5040;0
5041;0
5042;0
5043;0
5044;0
5045;0
5046;0
5047;0
5048;0
5049;0
5050;0
5051;0
5052;0
5053;0
5054;0
5055;0
5056;0
5057;0
5058;0
5059;0
5060;0
5061;0
5062;0
5063;0
5064;0
5065;0
5066;0
5067;0
5068;0
5069;0
5070;0
5071;0
5072;0
5073;0
5074;0
5075;0
5076;0
5077;0
5078;0
5079;0
5080;0
5081;0
5082;0
5083;0
5084;0
5085;0
5086;0
5087;0
5088;0
5089;0
5090;0
5091;0
5092;0
5093;0
5094;0
5095;0
5096;0
5097;0
5098;0
5099;0
5100;0
5101;0
5102;0
5103;0
5104;0
5105;0
5106;0
5107;0
5108;0
5109;0
5110;0
5111;0
5112;0
5113;0
5114;0
5115;0
5116;0
5117;0
5118;0
5119;0
5120;0
5121;0
5122;0
5123;0
5124;0
5125;0
5126;0
5127;0
5128;0
5129;0
5130;0
5131;0
5132;0
5133;0
5134;0
5135;0
5136;0
5137;0
5138;0
5139;0
5140;0
5141;0
5142;0
5143;0
5144;0
5145;0
5146;0
5147;0
5148;0
5149;0
5150;0
5151;0
5152;0
5153;0
5154;0
5155;0
5156;0
5157;0
5158;0
5159;0
5160;0
5161;0
5162;0
5163;0
5164;0
5165;0
5166;0
5167;0
5168;0
5169;0
5170;0
5171;0
5172;0
5173;0
5174;0
5175;0
5176;0
5177;0
5178;0
5179;0
5180;0
5181;0
5182;0
5183;0
5184;0
5185;0
5186;0
5187;0
5188;0
5189;0
5190;0
5191;0
5192;0
5193;0
5194;0
5195;0
5196;0
5197;0
5198;0
5199;0
5200;0
5201;0
5202;0
5203;0
5204;0
5205;0
5206;0
5207;0
5208;0
5209;0
5210;0
5211;0
5212;0
5213;0
5214;0
5215;0
5216;0
5217;0
5218;0
5219;0
5220;0
5221;0
5222;0
5223;0
5224;0
5225;0
5226;0
5227;0
5228;0
5229;0
5230;0
5231;0
5232;0
5233;0
5234;0
5235;0
5236;0
5237;0
5238;0
5239;0
5240;0
5241;0
5242;0
5243;0
5244;0
5245;0
5246;0
5247;0
5248;0
5249;0
5250;0
5251;0
5252;0
5253;0
5254;0
5255;0
5256;0
5257;0
5258;0
5259;0
5260;0
5261;0
5262;0
5263;0
5264;0
5265;0
5266;0
5267;0
5268;0
5269;0
5270;0
5271;0
5272;0
5273;0
5274;0
5275;0
5276;0
5277;0
5278;0
5279;0
5280;0
5281;0
5282;0
5283;0
5284;0
5285;0
5286;0
5287;0
5288;0
5289;0
5290;0
5291;0
5292;0
5293;0
5294;0
5295;0
5296;0
5297;0
5298;0
5299;0
5300;0
5301;0
5302;0
5303;0
5304;0
5305;0
5306;0
5307;0
5308;0
5309;0
5310;0
5311;0
5312;0
5313;0
5314;0
5315;0
5316;0
5317;0
5318;0
5319;0
5320;0
5321;0
5322;0
5323;0
5324;0
5325;0
5326;0
5327;0
5328;0
5329;0
5330;0
5331;0
5332;0
5333;0
5334;0
5335;0
5336;0
5337;0
5338;0
5339;0
5340;0
5341;0
5342;0
5343;0
5344;0
5345;0
5346;0
5347;0
5348;0
5349;0
5350;0
5351;0
5352;0
5353;0
5354;0
5355;0
5356;0
5357;0
5358;0
5359;0
5360;0
5361;0
5362;0
5363;0
5364;0
5365;0
5366;0
5367;0
5368;0
5369;0
5370;0
5371;0
5372;0
5373;0
5374;0
5375;0
5376;0
5377;0
5378;0
5379;0
5380;0
5381;0
5382;0
5383;0
5384;0
5385;0
5386;0
5387;0
5388;0
5389;0
5390;0
5391;0
5392;0
5393;0
5394;0
5395;0
5396;0
5397;0
5398;0
5399;0
5400;0
5401;0
5402;0
5403;0
5404;0
5405;0
5406;0
5407;0
5408;0
5409;0
5410;0
5411;0
5412;0
5413;0
5414;0
5415;0
5416;0
5417;0
5418;0
5419;0
5420;0
5421;0
5422;0
5423;0
5424;0
5425;0
5426;0
5427;0
5428;0
5429;0
5430;0
5431;0
5432;0
5433;0
5434;0
5435;0
5436;0
5437;0
5438;0
5439;0
5440;0
5441;0
5442;0
5443;0
5444;0
5445;0
5446;0
5447;0
5448;0
5449;0
5450;0
5451;0
5452;0
5453;0
5454;0
5455;0
5456;0
5457;0
5458;0
5459;0
5460;0
5461;0
5462;0
5463;0
5464;0
5465;0
5466;0
5467;0
5468;0
5469;0
5470;0
5471;0
5472;0
5473;0
5474;0
5475;0
5476;0
5477;0
5478;0
5479;0
5480;0
5481;0
5482;0
5483;0
5484;0
5485;0
5486;0
5487;0
5488;0
5489;0
5490;0
5491;0
5492;0
5493;0
5494;0
5495;0
5496;0
5497;0
5498;0
5499;0
5500;0
5501;0
5502;0
5503;0
5504;0
5505;0
5506;0
5507;0
5508;0
5509;0
5510;0
5511;0
5512;0
5513;0
5514;0
5515;0
5516;0
5517;0
5518;0
5519;0
5520;0
5521;0
5522;0
5523;0
5524;0
5525;0
5526;0
5527;0
5528;0
5529;0
5530;0
5531;0
5532;0
5533;0
5534;0
5535;0
5536;0
5537;0
5538;0
5539;0
5540;0
5541;0
5542;0
5543;0
5544;0
5545;0
5546;0
5547;0
5548;0
5549;0
5550;0
5551;0
5552;0
5553;0
5554;0
5555;0
5556;0
5557;0
5558;0
5559;0
5560;0
5561;0
5562;0
5563;0
5564;0
5565;0
5566;0
5567;0
5568;0
5569;0
5570;0
5571;0
5572;0
5573;0
5574;0
5575;0
5576;0
5577;0
5578;0
5579;0
5580;0
5581;0
5582;0
5583;0
5584;0
5585;0
5586;0
5587;0
5588;0
5589;0
5590;0
5591;0
5592;0
5593;0
5594;0
5595;0
5596;0
5597;0
5598;0
5599;0
5600;0
5601;0
5602;0
5603;0
5604;0
5605;0
5606;0
5607;0
5608;0
5609;0
5610;0
5611;0
5612;0
5613;0
5614;0
5615;0
5616;0
5617;0
5618;0
5619;0
5620;0
5621;0
5622;0
5623;0
5624;0
5625;0
5626;0
5627;0
5628;0
5629;0
5630;0
5631;0
5632;0
5633;0
5634;0
5635;0
5636;0
5637;0
5638;0
5639;0
5640;0
5641;0
5642;0
5643;0
5644;0
5645;0
5646;0
5647;0
5648;0
5649;0
5650;0
5651;0
5652;0
5653;0
5654;0
5655;0
5656;0
5657;0
5658;0
5659;0
5660;0
5661;0
5662;0
5663;0
5664;0
5665;0
5666;0
5667;0
5668;0
5669;0
5670;0
5671;0
5672;0
5673;0
5674;0
5675;0
5676;0
5677;0
5678;0
5679;0
5680;0
5681;0
5682;0
5683;0
5684;0
5685;0
5686;0
5687;0
5688;0
5689;0
5690;0
5691;0
5692;0
5693;0
5694;0
5695;0
5696;0
5697;0
5698;0
5699;0
5700;0
5701;0
5702;0
5703;0
5704;0
5705;0
5706;0
5707;0
5708;0
5709;0
5710;0
5711;0
5712;0
5713;0
5714;0
5715;0
5716;0
5717;0
5718;0
5719;0
5720;0
5721;0
5722;0
5723;0
5724;0
5725;0
5726;0
5727;0
5728;0
5729;0
5730;0
5731;0
5732;0
5733;0
5734;0
5735;0
5736;0
5737;0
5738;0
5739;0
5740;0
5741;0
5742;0
5743;0
5744;0
5745;0
5746;0
5747;0
5748;0
5749;0
5750;0
5751;0
5752;0
5753;0
5754;0
5755;0
5756;0
5757;0
5758;0
5759;0
5760;0
5761;0
5762;0
5763;0
5764;0
5765;0
5766;0
5767;0
5768;0
5769;0
5770;0
5771;0
5772;0
5773;0
5774;0
5775;0
5776;0
5777;0
5778;0
5779;0
5780;0
5781;0
5782;0
5783;0
5784;0
5785;0
5786;0
5787;0
5788;0
5789;0
5790;0
5791;0
5792;0
5793;0
5794;0
5795;0
5796;0
5797;0
5798;0
5799;0
5800;0
5801;0
5802;0
5803;0
5804;0
5805;0
5806;0
5807;0
5808;0
5809;0
5810;0
5811;0
5812;0
5813;0
5814;0
5815;0
5816;0
5817;0
5818;0
5819;0
5820;0
5821;0
5822;0
5823;0
5824;0
5825;0
5826;0
5827;0
5828;0
5829;0
5830;0
5831;0
5832;0
5833;0
5834;0
5835;0
5836;0
5837;0
5838;0
5839;0
5840;0
5841;0
5842;0
5843;0
5844;0
5845;0
5846;0
5847;0
5848;0
5849;0
5850;0
5851;0
5852;0
5853;0
5854;0
5855;0
5856;0
5857;0
5858;0
5859;0
5860;0
5861;0
5862;0
5863;0
5864;0
5865;0
5866;0
5867;0
5868;0
5869;0
5870;0
5871;0
5872;0
5873;0
5874;0
5875;0
5876;0
5877;0
5878;0
5879;0
5880;0
5881;0
5882;0
5883;0
5884;0
5885;0
5886;0
5887;0
5888;0
5889;0
5890;0
5891;0
5892;0
5893;0
5894;0
5895;0
5896;0
5897;0
5898;0
5899;0
5900;0
5901;0
5902;0
5903;0
5904;0
5905;0
5906;0
5907;0
5908;0
5909;0
5910;0
5911;0
5912;0
5913;0
5914;0
5915;0
5916;0
5917;0
5918;0
5919;0
5920;0
5921;0
5922;0
5923;0
5924;0
5925;0
5926;0
5927;0
5928;0
5929;0
5930;0
5931;0
5932;0
5933;0
5934;0
5935;0
5936;0
5937;0
5938;0
5939;0
5940;0
5941;0
5942;0
5943;0
5944;0
5945;0
5946;0
5947;0
5948;0
5949;0
5950;0
5951;0
5952;0
5953;0
5954;0
5955;0
5956;0
5957;0
5958;0
5959;0
5960;0
5961;0
5962;0
5963;0
5964;0
5965;0
5966;0
5967;0
5968;0
5969;0
5970;0
5971;0
5972;0
5973;0
5974;0
5975;0
5976;0
5977;0
5978;0
5979;0
5980;0
5981;0
5982;0
5983;0
5984;0
5985;0
5986;0
5987;0
5988;0
5989;0
5990;0
5991;0
5992;0
5993;0
5994;0
5995;0
5996;0
5997;0
5998;0
5999;0
6000;0
6001;0
6002;0
6003;0
6004;0
6005;0
6006;0
6007;0
6008;0
6009;0
6010;0
6011;0
6012;0
6013;0
6014;0
6015;0
6016;0
6017;0
6018;0
6019;0
6020;0
6021;0
6022;0
6023;0
6024;0
6025;0
6026;0
6027;0
6028;0
6029;0
6030;0
6031;0
6032;0
6033;0
6034;0
6035;0
6036;0
6037;0
6038;0
6039;0
6040;0
6041;0
6042;0
6043;0
6044;0
6045;0
6046;0
6047;0
6048;0
6049;0
6050;0
6051;0
6052;0
6053;0
6054;0
6055;0
6056;0
6057;0
6058;0
6059;0
6060;0
6061;0
6062;0
6063;0
6064;0
6065;0
6066;0
6067;0
6068;0
6069;0
6070;0
6071;0
6072;0
6073;0
6074;0
6075;0
6076;0
6077;0
6078;0
6079;0
6080;0
6081;0
6082;0
6083;0
6084;0
6085;0
6086;0
6087;0
6088;0
6089;0
6090;0
6091;0
6092;0
6093;0
6094;0
6095;0
6096;0
6097;0
6098;0
6099;0
6100;0
6101;0
6102;0
6103;0
6104;0
6105;0
6106;0
6107;0
6108;0
6109;0
6110;0
6111;0
6112;0
6113;0
6114;0
6115;0
6116;0
6117;0
6118;0
6119;0
6120;0
6121;0
6122;0
6123;0
6124;0
6125;0
6126;0
6127;0
6128;0
6129;0
6130;0
6131;0
6132;0
6133;0
6134;0
6135;0
6136;0
6137;0
6138;0
6139;0
6140;0
6141;0
6142;0
6143;0
6144;0
6145;0
6146;0
6147;0
6148;0
6149;0
6150;0
6151;0
6152;0
6153;0
6154;0
6155;0
6156;0
6157;0
6158;0
6159;0
6160;0
6161;0
6162;0
6163;0
6164;0
6165;0
6166;0
6167;0
6168;0
6169;0
6170;0
6171;0
6172;0
6173;0
6174;0
6175;0
6176;0
6177;0
6178;0
6179;0
6180;0
6181;0
6182;0
6183;0
6184;0
6185;0
6186;0
6187;0
6188;0
6189;0
6190;0
6191;0
6192;0
6193;0
6194;0
6195;0
6196;0
6197;0
6198;0
6199;0
6200;0
6201;0
6202;0
6203;0
6204;0
6205;0
6206;0
6207;0
6208;0
6209;0
6210;0
6211;0
6212;0
6213;0
6214;0
6215;0
6216;0
6217;0
6218;0
6219;0
6220;0
6221;0
6222;0
6223;0
6224;0
6225;0
6226;0
6227;0
6228;0
6229;0
6230;0
6231;0
6232;0
6233;0
6234;0
6235;0
6236;0
6237;0
6238;0
6239;0
6240;0
6241;0
6242;0
6243;0
6244;0
6245;0
6246;0
6247;0
6248;0
6249;0
6250;0
6251;0
6252;0
6253;0
6254;0
6255;0
6256;0
6257;0
6258;0
6259;0
6260;0
6261;0
6262;0
6263;0
6264;0
6265;0
6266;0
6267;0
6268;0
6269;0
6270;0
6271;0
6272;0
6273;0
6274;0
6275;0
6276;0
6277;0
6278;0
6279;0
6280;0
6281;0
6282;0
6283;0
6284;0
6285;0
6286;0
6287;0
6288;0
6289;0
6290;0
6291;0
6292;0
6293;0
6294;0
6295;0
6296;0
6297;0
6298;0
6299;0
6300;0
6301;0
6302;0
6303;0
6304;0
6305;0
6306;0
6307;0
6308;0
6309;0
6310;0
6311;0
6312;0
6313;0
6314;0
6315;0
6316;0
6317;0
6318;0
6319;0
6320;0
6321;0
6322;0
6323;0
6324;0
6325;0
6326;0
6327;0
6328;0
6329;0
6330;0
6331;0
6332;0
6333;0
6334;0
6335;0
6336;0
6337;0
6338;0
6339;0
6340;0
6341;0
6342;0
6343;0
6344;0
6345;0
6346;0
6347;0
6348;0
6349;0
6350;0
6351;0
6352;0
6353;0
6354;0
6355;0
6356;0
6357;0
6358;0
6359;0
6360;0
6361;0
6362;0
6363;0
6364;0
6365;0
6366;0
6367;0
6368;0
6369;0
6370;0
6371;0
6372;0
6373;0
6374;0
6375;0
6376;0
6377;0
6378;0
6379;0
6380;0
6381;0
6382;0
6383;0
6384;0
6385;0
6386;0
6387;0
6388;0
6389;0
6390;0
6391;0
6392;0
6393;0
6394;0
6395;0
6396;0
6397;0
6398;0
6399;0
6400;0
6401;0
6402;0
6403;0
6404;0
6405;0
6406;0
6407;0
6408;0
6409;0
6410;0
6411;0
6412;0
6413;0
6414;0
6415;0
6416;0
6417;0
6418;0
6419;0
6420;0
6421;0
6422;0
6423;0
6424;0
6425;0
6426;0
6427;0
6428;0
6429;0
6430;0
6431;0
6432;0
6433;0
6434;0
6435;0
6436;0
6437;0
6438;0
6439;0
6440;0
6441;0
6442;0
6443;0
6444;0
6445;0
6446;0
6447;0
6448;0
6449;0
6450;0
6451;0
6452;0
6453;0
6454;0
6455;0
6456;0
6457;0
6458;0
6459;0
6460;0
6461;0
6462;0
6463;0
6464;0
6465;0
6466;0
6467;0
6468;0
6469;0
6470;0
6471;0
6472;0
6473;0
6474;0
6475;0
6476;0
6477;0
6478;0
6479;0
6480;0
6481;0
6482;0
6483;0
6484;0
6485;0
6486;0
6487;0
6488;0
6489;0
6490;0
6491;0
6492;0
6493;0
6494;0
6495;0
6496;0
6497;0
6498;0
6499;0
6500;0
6501;0
6502;0
6503;0
6504;0
6505;0
6506;0
6507;0
6508;0
6509;0
6510;0
6511;0
6512;0
6513;0
6514;0
6515;0
6516;0
6517;0
6518;0
6519;0
6520;0
6521;0
6522;0
6523;0
6524;0
6525;0
6526;0
6527;0
6528;0
6529;0
6530;0
6531;0
6532;0
6533;0
6534;0
6535;0
6536;0
6537;0
6538;0
6539;0
6540;0
6541;0
6542;0
6543;0
6544;0
6545;0
6546;0
6547;0
6548;0
6549;0
6550;0
6551;0
6552;0
6553;0
6554;0
6555;0
6556;0
6557;0
6558;0
6559;0
6560;0
6561;0
6562;0
6563;0
6564;0
6565;0
6566;0
6567;0
6568;0
6569;0
6570;0
6571;0
6572;0
6573;0
6574;0
6575;0
6576;0
6577;0
6578;0
6579;0
6580;0
6581;0
6582;0
6583;0
6584;0
6585;0
6586;0
6587;0
6588;0
6589;0
6590;0
6591;0
6592;0
6593;0
6594;0
6595;0
6596;0
6597;0
6598;0
6599;0
6600;0
6601;0
6602;0
6603;0
6604;0
6605;0
6606;0
6607;0
6608;0
6609;0
6610;0
6611;0
6612;0
6613;0
6614;0
6615;0
6616;0
6617;0
6618;0
6619;0
6620;0
6621;0
6622;0
6623;0
6624;0
6625;0
6626;0
6627;0
6628;0
6629;0
6630;0
6631;0
6632;0
6633;0
6634;0
6635;0
6636;0
6637;0
6638;0
6639;0
6640;0
6641;0
6642;0
6643;0
6644;0
6645;0
6646;0
6647;0
6648;0
6649;0
6650;0
6651;0
6652;0
6653;0
6654;0
6655;0
6656;0
6657;0
6658;0
6659;0
6660;0
6661;0
6662;0
6663;0
6664;0
6665;0
6666;0
6667;0
6668;0
6669;0
6670;0
6671;0
6672;0
6673;0
6674;0
6675;0
6676;0
6677;0
6678;0
6679;1.55378866
6680;2.44136095
6681;2.39536095
6682;0.750859916
6683;0
6684;0
6685;0
6686;0
6687;0
6688;0
6689;0
6690;1.47043228
6691;3.07793331
6692;2.41000366
6693;2.20836115
6694;0
6695;0
6696;0
6697;0
6698;0
6699;0
6700;0
6701;0
6702;0
6703;0
6704;0
6705;0
6706;0
6707;0
6708;0
6709;0
6710;0
6711;0
6712;0
6713;0
6714;0
6715;0
6716;0
6717;0
6718;0
6719;0
6720;0
6721;0
6722;0
6723;0
6724;0
6725;0
6726;0
6727;0
6728;0.696208954
6729;0.68420893
6730;0
6731;0
6732;0
6733;0
6734;0
6735;0
6736;0
6737;0
6738;0
6739;1.4587096
6740;0.886583388
6741;0.68420893
6742;0
6743;0
6744;0
6745;0
6746;0
6747;0
6748;0
6749;0
6750;0
6751;1.07226825
6752;2.00067306
6753;1.87267315
6754;0.27846539
6755;0
6756;0
6757;0
6758;0
6759;0
6760;0
6761;0
6762;0.783869267
6763;2.38307786
6764;1.74627316
6765;1.68667316
6766;0
6767;0
6768;0
6769;0
6770;0
6771;0
6772;0
6773;0
6774;0
6775;2.16560745
6776;3.21036983
6777;3.17136979
6778;1.25403869
6779;0
6780;0
6781;0
6782;0
6783;0
6784;0
6785;0
6786;1.61279821
6787;3.28812933
6788;2.6315577
6789;2.6383698
6790;0
6791;0
6792;0
6793;0
6794;0
6795;0
6796;0
6797;0
6798;0
6799;4.16300106
6800;4.16100121
6801;4.08663797
6802;1.41700137
6803;0
6804;0
6805;0
6806;0
6807;0
6808;0
6809;0
6810;1.47527349
6811;1.53027356
6812;0.63009119
6813;0.415819019
6814;0
6815;0
6816;0
6817;0
6818;0
6819;0
6820;0
6821;0
6822;0
6823;1.95700097
6824;2.12300086
6825;2.12632942
6826;0
6827;0
6828;0
6829;0
6830;0
6831;0
6832;0
6833;0
6834;0
6835;0
6836;0
6837;0
6838;0
6839;0
6840;0
6841;0
6842;0
6843;0
6844;0
6845;0
6846;0
6847;1.44019234
6848;1.42219234
6849;1.32112968
6850;0
6851;0
6852;0
6853;0
6854;0
6855;0
6856;0
6857;0
6858;0
6859;0
6860;0
6861;0
6862;0
6863;0
6864;0
6865;0
6866;0
6867;0
6868;0
6869;0
6870;0
6871;0
6872;0.27561605
6873;0.101616077
6874;0
6875;0
6876;0
6877;0
6878;0
6879;0
6880;0
6881;0
6882;0
6883;0.251705438
6884;0
6885;0
6886;0
6887;0
6888;0
6889;0
6890;0
6891;0
6892;0
6893;0
6894;0
6895;0
6896;0
6897;0
6898;0
6899;0
6900;0
6901;0
6902;0
6903;0
6904;0
6905;0
6906;0
6907;0
6908;0
6909;0
6910;0
6911;0
6912;0
6913;0
6914;0
6915;0
6916;0
6917;0
6918;0
6919;0
6920;0
6921;0
6922;0
6923;0
6924;0
6925;0
6926;0
6927;0
6928;0
6929;0
6930;0
6931;0
6932;0
6933;0
6934;0
6935;0
6936;0
6937;0
6938;0
6939;0
6940;0
6941;0
6942;0
6943;0
6944;0
6945;0
6946;0
6947;0
6948;0
6949;0
6950;0
6951;0
6952;0
6953;0
6954;0
6955;0
6956;0
6957;0
6958;0
6959;0
6960;0
6961;0
6962;0
6963;0
6964;0
6965;0
6966;0
6967;0
6968;0
6969;0
6970;0
6971;0
6972;0
6973;0
6974;0
6975;0
6976;0
6977;0
6978;0
6979;0
6980;0
6981;0
6982;0
6983;0
6984;0
6985;0
6986;0
6987;0
6988;0
6989;0
6990;0
6991;0
6992;0
6993;0
6994;0
6995;0
6996;0
6997;0
6998;0
6999;0
7000;0
7001;0
7002;0
7003;0
7004;0
7005;0
7006;0
7007;0
7008;0
7009;0
7010;0
7011;0
7012;0
7013;0
7014;0
7015;0.190168455
7016;1.05923283
7017;1.01923287
7018;0
7019;0
7020;0
7021;0
7022;0
7023;0
7024;0
7025;0
7026;0.270934552
7027;1.78529751
7028;1.17199719
7029;0.965232909
7030;0
7031;0
7032;0
7033;0
7034;0
7035;0
7036;0
7037;0
7038;0
7039;2.57784796
7040;3.61422467
7041;3.71622467
7042;1.88106644
7043;0.0299082585
7044;0
7045;0
7046;0
7047;0
7048;0
7049;0
7050;2.59144306
7051;4.34260035
7052;3.77781796
7053;3.66422462
7054;0
7055;0
7056;0
7057;0
7058;0
7059;0
7060;0
7061;0
7062;0
7063;3.15584779
7064;4.18262529
7065;3.94262552
7066;2.02776647
7067;0.166908339
7068;0
7069;0
7070;0
7071;0
7072;0
7073;0
7074;2.80254221
7075;4.6434021
7076;4.03931808
7077;3.93662548
7078;0
7079;0
7080;0
7081;0
7082;0
7083;0
7084;0
7085;0
7086;0
7087;3.0217886
7088;3.91496086
7089;3.59696102
7090;1.78640914
7091;0
7092;0
7093;0
7094;0
7095;0
7096;0
7097;0
7098;1.99658167
7099;3.66613245
7100;2.95875311
7101;2.72296095
7102;0
7103;0
7104;0
7105;0
7106;0
7107;0
7108;0
7109;0
7110;0
7111;0
7112;0
7113;0
7114;0
7115;0
7116;0
7117;0
7118;0
7119;0
7120;0
7121;0
7122;0
7123;0
7124;0
7125;0
7126;0
7127;0
7128;0
7129;0
7130;0
7131;0
7132;0
7133;0
7134;0
7135;0
7136;0
7137;0
7138;0
7139;0
7140;0
7141;0
7142;0
7143;0
7144;0
7145;0
7146;0
7147;0
7148;0
7149;0
7150;0
7151;0
7152;0
7153;0
7154;0
7155;0
7156;0
7157;0
7158;0
7159;0
7160;0
7161;0
7162;0
7163;0
7164;0
7165;0
7166;0
7167;0
7168;0
7169;0
7170;0
7171;0
7172;0
7173;0
7174;0
7175;0
7176;0
7177;0
7178;0
7179;0
7180;0
7181;0
7182;0
7183;0
7184;0
7185;0
7186;0
7187;0
7188;0
7189;0
7190;0
7191;0
7192;0
7193;0
7194;0
7195;0
7196;0
7197;0
7198;0
7199;0
7200;0
7201;0
7202;0
7203;0
7204;0
7205;0
7206;0
7207;0
7208;0
7209;0
7210;0
7211;0
7212;0
7213;0
7214;0
7215;0
7216;0
7217;0
7218;0
7219;0
7220;0
7221;0
7222;0
7223;0
7224;0
7225;0
7226;0
7227;0
7228;0
7229;0
7230;0
7231;0
7232;0
7233;0
7234;0
7235;0
7236;0
7237;0
7238;0
7239;0
7240;0
7241;0
7242;0
7243;0.529089451
7244;0
7245;0
7246;0
7247;0
7248;0
7249;0
7250;0
7251;0
7252;0
7253;0
7254;0
7255;1.36897898
7256;1.12297893
7257;1.22444272
7258;0
7259;0
7260;0
7261;0
7262;0
7263;0
7264;0
7265;0
7266;0
7267;0
7268;0
7269;0
7270;0
7271;0
7272;0
7273;0
7274;0
7275;0
7276;0
7277;0
7278;0
7279;1.42918038
7280;1.31918049
7281;0.954005301
7282;0
7283;0
7284;0
7285;0
7286;0
7287;0
7288;0
7289;0
7290;0
7291;0
7292;0
7293;0
7294;0
7295;0
7296;0
7297;0
7298;0
7299;0
7300;0
7301;0
7302;0
7303;0
7304;0
7305;0
7306;0
7307;0
7308;0
7309;0
7310;0
7311;0
7312;0
7313;0
7314;0
7315;0
7316;0
7317;0
7318;0
7319;0
7320;0
7321;0
7322;0
7323;0
7324;0
7325;0
7326;0
7327;0
7328;0
7329;0
7330;0
7331;0
7332;0
7333;0
7334;0
7335;0
7336;0
7337;0
7338;0
7339;0
7340;0
7341;0
7342;0
7343;0
7344;0
7345;0
7346;0
7347;0
7348;0
7349;0
7350;0
7351;0
7352;0
7353;0
7354;0
7355;0
7356;0
7357;0
7358;0
7359;0
7360;0
7361;0
7362;0
7363;0
7364;0
7365;0
7366;0
7367;0
7368;0
7369;0
7370;0
7371;0
7372;0
7373;0
7374;0
7375;2.13548756
7376;2.91684151
7377;2.75584149
7378;1.05422378
7379;0
7380;0
7381;0
7382;0
7383;0
7384;0
7385;0
7386;1.9505769
7387;3.58219242
7388;2.88292789
7389;2.66384149
7390;0
7391;0
7392;0
7393;0
7394;0
7395;0
7396;0
7397;0
7398;0
7399;0.980985105
7400;1.27198505
7401;1.23232639
7402;0
7403;0
7404;0
7405;0
7406;0
7407;0
7408;0
7409;0
7410;0
7411;0
7412;0
7413;0
7414;0
7415;0
7416;0
7417;0
7418;0
7419;0
7420;0
7421;0
7422;0
7423;3.75702071
7424;3.71702075
7425;3.48493028
7426;0.806028664
7427;0
7428;0
7429;0
7430;0
7431;0
7432;0
7433;0
7434;0.973845541
7435;1.13584554
7436;0.37830323
7437;0.126486287
7438;0
7439;0
7440;0
7441;0
7442;0
7443;0
7444;0
7445;0
7446;0
7447;1.18535304
7448;0.978353024
7449;0.916994929
7450;0
7451;0
7452;0
7453;0
7454;0
7455;0
7456;0
7457;0
7458;0
7459;0
7460;0
7461;0
7462;0
7463;0
7464;0
7465;0
7466;0
7467;0
7468;0
7469;0
7470;0
7471;0
7472;0
7473;0
7474;0
7475;0
7476;0
7477;0
7478;0
7479;0
7480;0
7481;0
7482;0
7483;0
7484;0
7485;0
7486;0
7487;0
7488;0
7489;0
7490;0
7491;0
7492;0
7493;0
7494;0
7495;0
7496;0
7497;0
7498;0
7499;0
7500;0
7501;0
7502;0
7503;0
7504;0
7505;0
7506;0
7507;0
7508;0
7509;0
7510;0
7511;0
7512;0
7513;0
7514;0
7515;0
7516;0
7517;0
7518;0
7519;1.12195897
7520;0.825959027
7521;0.803756773
7522;0
7523;0
7524;0
7525;0
7526;0
7527;0
7528;0
7529;0
7530;0
7531;0
7532;0
7533;0
7534;0
7535;0
7536;0
7537;0
7538;0
7539;0
7540;0
7541;0
7542;0
7543;0
7544;0.670576155
7545;0.670576155
7546;0
7547;0
7548;0
7549;0
7550;0
7551;0
7552;0
7553;0
7554;0
7555;1.37922525
7556;0.859737933
7557;0.670576155
7558;0
7559;0
7560;0
7561;0
7562;0
7563;0
7564;0
7565;0
7566;0
7567;0
7568;0
7569;0
7570;0
7571;0
7572;0
7573;0
7574;0
7575;0
7576;0
7577;0
7578;0
7579;0
7580;0
7581;0
7582;0
7583;0
7584;0
7585;0
7586;0
7587;0
7588;0
7589;0
7590;0
7591;0
7592;0
7593;0
7594;0
7595;0
7596;0
7597;0
7598;0
7599;0
7600;0
7601;0
7602;0
7603;0
7604;0
7605;0
7606;0
7607;0
7608;0
7609;0
7610;0
7611;0
7612;0
7613;0
7614;0
7615;0
7616;0
7617;0
7618;0
7619;0
7620;0
7621;0
7622;0
7623;0
7624;0
7625;0
7626;0
7627;0
7628;0
7629;0
7630;0
7631;0
7632;0
7633;0
7634;0
7635;0
7636;0
7637;0
7638;0
7639;0
7640;0
7641;0
7642;0
7643;0
7644;0
7645;0
7646;0
7647;0
7648;0
7649;0
7650;0
7651;0
7652;0
7653;0
7654;0
7655;0
7656;0
7657;0
7658;0
7659;0
7660;0
7661;0
7662;0
7663;0
7664;0
7665;0
7666;0
7667;0
7668;0
7669;0
7670;0
7671;0
7672;0
7673;0
7674;0
7675;0
7676;0
7677;0
7678;0
7679;0
7680;0
7681;0
7682;0
7683;0
7684;0
7685;0
7686;0
7687;1.40751326
7688;1.35851324
7689;1.39809489
7690;0
7691;0
7692;0
7693;0
7694;0
7695;0
7696;0
7697;0
7698;0
7699;0
7700;0
7701;0
7702;0
7703;0
7704;0
7705;0
7706;0
7707;0
7708;0
7709;0
7710;0
7711;2.37271476
7712;2.39671493
7713;2.19785476
7714;0
7715;0
7716;0
7717;0
7718;0
7719;0
7720;0
7721;0
7722;0
7723;0
7724;0
7725;0
7726;0
7727;0
7728;0
7729;0
7730;0
7731;0
7732;0
7733;0
7734;0
7735;0.88866806
7736;1.7688328
7737;1.68483293
7738;0.113544926
7739;0
7740;0
7741;0
7742;0
7743;0
7744;0
7745;0
7746;1.26970971
7747;2.87499762
7748;2.33487272
7749;2.15283298
7750;0
7751;0
7752;0
7753;0
7754;0
7755;0
7756;0
7757;0
7758;2.11878657
7759;6.37278938
7760;7.57336092
7761;7.50436115
7762;5.37235928
7763;3.20535851
7764;1.30450046
7765;0.273071557
7766;0
7767;0
7768;0
7769;0.768214524
7770;6.57293129
7771;8.6469326
7772;7.83650303
7773;7.62336111
7774;1.62535751
7775;0
7776;0
7777;0
7778;0
7779;0
7780;0
7781;0
7782;5.28493881
7783;12.4216728
7784;12.4216728
7785;12.6428242
7786;9.03303051
7787;6.46583557
7788;4.53993893
7789;4.63408804
7790;4.20693874
7791;3.89779043
7792;3.9837904
7793;5.13723755
7794;9.46532917
7795;9.74532986
7796;8.61158085
7797;8.12528133
7798;2.99859476
7799;0
7800;0
7801;0
7802;0
7803;0
7804;0
7805;0
7806;4.88114023
7807;11.6502571
7808;11.5052567
7809;11.457984
7810;7.71128607
7811;5.14548922
7812;3.2861402
7813;3.42286468
7814;3.1611402
7815;2.96741652
7816;3.08241653
7817;4.13258934
7818;8.17473507
7819;8.27073479
7820;6.98211288
7821;6.47666216
7822;1.58361816
7823;0
7824;0
7825;0
7826;0
7827;0
7828;0
7829;0
7830;3.53997922
7831;8.0379076
7832;9.15389061
7833;9.06389046
7834;6.63492346
7835;4.22395802
7836;2.21198893
7837;1.23200333
7838;0
7839;0
7840;0
7841;1.5979985
7842;7.81690407
7843;10.1258698
7844;9.12888336
7845;8.87589073
7846;2.24499369
7847;0
7848;0
7849;0
7850;0
7851;0
7852;0
7853;0
7854;4.44111443
7855;9.19086838
7856;10.344512
7857;10.1345119
7858;7.62563658
7859;5.13075924
7860;2.97229242
7861;1.82105982
7862;0.418415755
7863;0
7864;0.116004303
7865;2.30147028
7866;8.87527847
7867;11.3651581
7868;10.516923
7869;10.3025122
7870;3.35788178
7871;0
7872;0
7873;0
7874;0
7875;0
7876;0
7877;0
7878;2.97323346
7879;9.0536623
7880;8.95466232
7881;8.90863705
7882;5.4499135
7883;3.04709721
7884;1.33923352
7885;1.48221064
7886;1.2342335
7887;0.996257305
7888;1.01325727
7889;1.94518769
7890;5.75086784
7891;6.01186752
7892;5.05998182
7893;4.70402765
7894;0.432441115
7895;0
7896;0
7897;0
7898;0
7899;0
7900;0
7901;0
7902;3.41258764
7903;9.70848942
7904;9.76548958
7905;9.67036724
7906;6.04685211
7907;3.62284517
7908;1.81358767
7909;2.01446319
7910;1.69458771
7911;1.45971215
7912;1.53071225
7913;2.52034044
7914;6.42560673
7915;6.67560673
7916;5.69522381
7917;5.27347279
7918;0.819703639
7919;0
7920;0
7921;0
7922;0
7923;0
7924;0
7925;0
7926;3.66836715
7927;10.2433462
7928;10.0393467
7929;10.0898275
7930;6.5230751
7931;4.06024361
7932;2.27736735
7933;2.40884686
7934;2.13936734
7935;1.89388859
7936;1.97788858
7937;3.07032561
7938;6.98703432
7939;7.12703419
7940;6.10763884
7941;5.70267963
7942;1.16805601
7943;0
7944;0
7945;0
7946;0
7947;0
7948;0
7949;0
7950;5.10924244
7951;12.0350113
7952;12.0230112
7953;12.0062037
7954;8.32391357
7955;5.77638865
7956;3.87324238
7957;3.91443348
7958;3.54124236
7959;3.30405331
7960;3.55205321
7961;4.58962393
7962;8.62429619
7963;8.72829628
7964;7.58634043
7965;7.08595991
7966;2.14452672
7967;0
7968;0
7969;0
7970;0
7971;0
7972;0
7973;0
7974;6.74923944
7975;12.1637278
7976;13.6632986
7977;13.6352978
7978;10.8900518
7979;8.10080719
7980;5.70745707
7981;4.44178104
7982;2.78221273
7983;2.02242851
7984;2.54831958
7985;5.0756731
7986;12.6186199
7987;15.6168661
7988;14.3521862
7989;13.9562979
7990;5.88856506
7991;0
7992;0
7993;0
7994;0
7995;0
7996;0
7997;0
7998;5.62614393
7999;12.9580574
8000;13.3410578
8001;13.5010157
8002;9.51553631
8003;6.92988348
8004;4.954144
8005;5.13810158
8006;4.79414368
8007;4.518188
8008;4.64418793
8009;6.63205767
8010;10.5894508
8011;10.4614506
8012;8.8136673
8013;8.06175327
8014;2.67853642
8015;0
8016;0
8017;0
8018;0
8019;0
8020;0
8021;0
8022;0
8023;4.55117798
8024;4.45917797
8025;4.86590338
8026;2.29120493
8027;0.427406579
8028;0
8029;0
8030;0
8031;0
8032;0
8033;0
8034;2.6706543
8035;2.69565439
8036;1.67003095
8037;1.25158036
8038;0
8039;0
8040;0
8041;0
8042;0
8043;0
8044;0
8045;0
8046;0
8047;0
8048;0.779761374
8049;0.758761406
8050;0
8051;0
8052;0
8053;0
8054;0
8055;0
8056;0
8057;0
8058;0.0621566586
8059;1.48223305
8060;0.826628387
8061;0.654761374
8062;0
8063;0
8064;0
8065;0
8066;0
8067;0
8068;0
8069;0
8070;0
8071;0
8072;0
8073;0
8074;0
8075;0
8076;0
8077;0
8078;0
8079;0
8080;0
8081;0
8082;0
8083;0
8084;0
8085;0
8086;0
8087;0
8088;0
8089;0
8090;0
8091;0
8092;0
8093;0
8094;0
8095;2.03388762
8096;2.99160099
8097;2.99160099
8098;1.32260525
8099;0
8100;0
8101;0
8102;0
8103;0
8104;0
8105;0
8106;2.52831674
8107;4.33931255
8108;3.51302719
8109;3.31160116
8110;0
8111;0
8112;0
8113;0
8114;0
8115;0
8116;0
8117;0
8118;0.0118760411
8119;5.13928795
8120;5.19328785
8121;5.42038584
8122;2.65922809
8123;0.814456463
8124;0
8125;0
8126;0
8127;0
8128;0
8129;0
8130;2.82142115
8131;2.86942124
8132;1.88093793
8133;1.48774469
8134;0
8135;0
8136;0
8137;0
8138;0
8139;0
8140;0
8141;0
8142;0
8143;0.521987975
8144;1.40064061
8145;1.37464058
8146;0
8147;0
8148;0
8149;0
8150;0
8151;0
8152;0
8153;0
8154;0.635151386
8155;2.12729311
8156;1.48780298
8157;1.27464056
8158;0
8159;0
8160;0
8161;0
8162;0
8163;0
8164;0
8165;0
8166;0
8167;0
8168;0
8169;0
8170;0
8171;0
8172;0
8173;0
8174;0
8175;0
8176;0
8177;0
8178;0
8179;0.368813008
8180;0
8181;0
8182;0
8183;0
8184;0
8185;0
8186;0
8187;0
8188;0
8189;0
8190;0
8191;3.36378837
8192;4.40656042
8193;4.41056061
8194;2.53870916
8195;0.728858948
8196;0
8197;0
8198;0
8199;0
8200;0
8201;0
8202;3.48448133
8203;5.25933266
8204;4.48125267
8205;4.20256042
8206;0
8207;0
8208;0
8209;0
8210;0
8211;0
8212;0
8213;0
8214;0.351009935
8215;4.24842739
8216;5.34097862
8217;5.34997845
8218;3.4197669
8219;1.44055915
8220;0
8221;0
8222;0
8223;0
8224;0
8225;0
8226;4.57631636
8227;6.47252369
8228;5.69486332
8229;5.46497869
8230;0
8231;0
8232;0
8233;0
8234;0
8235;0
8236;0
8237;0
8238;2.99636841
8239;7.46580744
8240;8.7476511
8241;8.7676506
8242;6.50792933
8243;4.20620775
8244;2.20044875
8245;1.13756871
8246;0
8247;0
8248;0
8249;1.75652802
8250;7.80076885
8251;10.0484905
8252;9.15260601
8253;8.91165066
8254;2.34148836
8255;0
8256;0
8257;0
8258;0
8259;0
8260;0
8261;0
8262;6.10394382
8263;11.3351669
8264;12.8492327
8265;12.845233
8266;10.0636206
8267;7.28800964
8268;4.9699111
8269;3.80936432
8270;2.29930019
8271;1.6222682
8272;2.04878378
8273;4.44987965
8274;11.6656847
8275;14.3652992
8276;13.3337469
8277;13.0532331
8278;5.30839729
8279;0
8280;0
8281;0
8282;0
8283;0
8284;0
8285;0
8286;6.82918262
8287;12.3063469
8288;14.2588253
8289;14.1238251
8290;11.1282406
8291;8.21065903
8292;5.75644493
8293;4.5003376
8294;2.91586185
8295;2.16212368
8296;2.61149168
8297;5.12170696
8298;12.639719
8299;15.4853029
8300;14.2831926
8301;13.9738255
8302;5.78707504
8303;0
8304;0
8305;0
8306;0
8307;0
8308;0
8309;0
8310;7.83286285
8311;13.5131474
8312;15.1639442
8313;15.2239437
8314;12.2743015
8315;9.31965923
8316;6.7719636
8317;5.49411774
8318;3.81832123
8319;3.052423
8320;3.47837162
8321;5.97606659
8322;13.7190962
8323;16.5907421
8324;15.5248928
8325;15.1669445
8326;6.72901487
8327;0
8328;0
8329;0
8330;0
8331;0
8332;0
8333;0
8334;8.93785477
8335;14.9502668
8336;16.5626736
8337;16.5236721
8338;13.4814663
8339;10.4212589
8340;7.80265236
8341;6.51184845
8342;4.81944561
8343;3.98424363
8344;4.42784452
8345;7.01045036
8346;15.1268702
8347;18.0940762
8348;16.8982735
8349;16.4876728
8350;7.63405228
8351;0
8352;0
8353;0
8354;0
8355;0
8356;0
8357;0
8358;9.67320728
8359;15.8049889
8360;17.5206413
8361;17.4386425
8362;14.1517496
8363;10.9028587
8364;8.1563797
8365;6.75714111
8366;4.98149014
8367;4.12066317
8368;4.70507526
8369;7.54855394
8370;16.0474014
8371;19.1842957
8372;18.0530529
8373;17.6526413
8374;8.51196861
8375;0
8376;0
8377;0
8378;0
8379;0
8380;0
8381;0
8382;7.16370344
8383;12.5435486
8384;14.1415052
8385;13.8865051
8386;10.9455814
8387;7.99966002
8388;5.46772289
8389;4.21375847
8390;2.69380069
8391;1.92182326
8392;2.37281156
8393;4.73074675
8394;12.0855379
8395;14.8214617
8396;13.7314911
8397;13.3915052
8398;5.3837347
8399;0
8400;0
8401;0
8402;0
8403;0
8404;0
8405;0
8406;6.00912666
8407;11.0601892
8408;12.2799215
8409;12.2049217
8410;9.3763895
8411;6.47085857
8412;4.07326031
8413;2.81746125
8414;1.34173
8415;0.68986398
8416;1.12779605
8417;3.31339431
8418;10.1541224
8419;12.6736536
8420;11.7288523
8421;11.391921
8422;3.82932734
8423;0
8424;0
8425;0
8426;0
8427;0
8428;0
8429;0
8430;4.87663603
8431;11.9372234
8432;11.9282236
8433;12.2092085
8434;8.52340603
8435;6.01553869
8436;4.08263588
8437;4.1836195
8438;3.72163606
8439;3.4396534
8440;3.64365315
8441;4.69560432
8442;8.81937218
8443;8.95137215
8444;7.58345461
8445;7.09748697
8446;2.15578675
8447;0
8448;0
8449;0
8450;0
8451;0
8452;0
8453;0
8454;4.38675261
8455;8.96604729
8456;10.1727047
8457;10.0927048
8458;7.5670557
8459;5.05741024
8460;2.94942451
8461;1.89743304
8462;0.54677707
8463;0
8464;0.254111707
8465;2.39809561
8466;8.91171169
8467;11.3233614
8468;10.3523674
8469;10.0287046
8470;2.91776109
8471;0
8472;0
8473;0
8474;0
8475;0
8476;0
8477;0
8478;2.21443629
8479;6.35528851
8480;7.47696114
8481;7.49096107
8482;5.24253511
8483;3.03310871
8484;1.14060009
8485;0.189847171
8486;0
8487;0
8488;0
8489;0.790763855
8490;6.58420753
8491;8.7366333
8492;7.75787783
8493;7.51096106
8494;1.17968333
8495;0
8496;0
8497;0
8498;0
8499;0
8500;0
8501;0
8502;0
8503;2.37758827
8504;3.27528071
8505;3.28128052
8506;1.54181921
8507;0
8508;0
8509;0
8510;0
8511;0
8512;0
8513;0
8514;2.38951063
8515;4.08297396
8516;3.34720206
8517;3.11128068
8518;0
8519;0
8520;0
8521;0
8522;0
8523;0
8524;0
8525;0
8526;0
8527;0.163147435
8528;0.99854517
8529;0.99854517
8530;0
8531;0
8532;0
8533;0
8534;0
8535;0
8536;0
8537;0
8538;0.47199735
8539;1.93394101
8540;1.30439317
8541;1.09854519
8542;0
8543;0
8544;0
8545;0
8546;0
8547;0
8548;0
8549;0
8550;0
8551;1.2319473
8552;2.08926535
8553;2.06926537
8554;0.490461439
8555;0
8556;0
8557;0
8558;0
8559;0
8560;0
8561;0
8562;1.34277749
8563;2.85858154
8564;2.18109274
8565;1.95726538
8566;0
8567;0
8568;0
8569;0
8570;0
8571;0
8572;0
8573;0
8574;0.764313042
8575;4.83964825
8576;5.96774578
8577;6.00974607
8578;4.05107689
8579;2.06640816
8580;0.389264077
8581;0
8582;0
8583;0
8584;0
8585;0
8586;5.3331728
8587;7.29584169
8588;6.50326681
8589;6.2437458
8590;0.432740092
8591;0
8592;0
8593;0
8594;0
8595;0
8596;0
8597;0
8598;6.657722
8599;12.1127481
8600;13.4831848
8601;13.4621849
8602;10.5356712
8603;7.75615931
8604;5.39400578
8605;4.10192776
8606;2.54549193
8607;1.7837733
8608;2.21113253
8609;4.64528608
8610;12.0791063
8611;15.1746216
8612;14.0275431
8613;13.6991844
8614;5.72364521
8615;0
8616;0
8617;0
8618;0
8619;0
8620;0
8621;0
8622;7.68136358
8623;13.4233675
8624;15.1785126
8625;15.0685129
8626;11.8750105
8627;8.53950882
8628;5.93679237
8629;4.66243505
8630;3.02329016
8631;2.2617178
8632;2.7195034
8633;5.16622066
8634;12.9961538
8635;16.0256577
8636;14.8312979
8637;14.4785128
8638;6.22100639
8639;0
8640;0
8641;0
8642;0
8643;0
8644;0
8645;0
8646;6.99523306
8647;12.3740673
8648;13.9345942
8649;13.8985939
8650;10.8071747
8651;7.66775942
8652;5.0929718
8653;3.70607972
8654;2.10355616
8655;1.37229311
8656;1.98092365
8657;4.38571024
8658;11.8107014
8659;14.7891188
8660;13.7462215
8661;13.4875937
8662;5.5213418
8663;0
8664;0
8665;0
8666;0
8667;0
8668;0
8669;0
8670;5.26340342
8671;12.4325762
8672;12.651577
8673;12.9928255
8674;9.16786098
8675;6.39988565
8676;4.47440338
8677;4.67565012
8678;4.35040331
8679;4.1231575
8680;4.27215767
8681;5.38489866
8682;9.5303545
8683;9.58835411
8684;8.55212116
8685;7.9626255
8686;2.73218107
8687;0
8688;0
8689;0
8690;0
8691;0
8692;0
8693;0
8694;8.01193714
8695;13.6102877
8696;15.0889616
8697;14.9569616
8698;11.9327841
8699;8.90060806
8700;6.22360039
8701;4.93509674
8702;3.2614243
8703;2.43708801
8704;2.92825651
8705;5.5032649
8706;13.1584568
8707;15.9596348
8708;14.779129
8709;14.3969622
8710;5.96343374
8711;0
8712;0
8713;0
8714;0
8715;0
8716;0
8717;0
8718;3.86390448
8719;8.5517664
8720;9.9058733
8721;9.90387249
8722;7.54494143
8723;5.15801001
8724;3.06835222
8725;2.06052423
8726;0.719419777
8727;0.0828684643
8728;0.452144116
8729;2.52079988
8730;8.90904427
8731;11.270977
8732;10.234148
8733;9.89387321
8734;2.85207653
8735;0
8736;0
8737;0
8738;0
8739;0
8740;0
8741;0
8742;2.87807298
8743;7.28924656
8744;8.56158638
8745;8.53958607
8746;6.27899504
8747;4.0104084
8748;2.03190517
8749;1.04765236
8750;0
8751;0
8752;0
8753;1.35773528
8754;7.42533255
8755;9.69792175
8756;8.80966854
8757;8.55358601
8758;1.97582018
8759;0
